:ID(MaintenanceEvent),component_id,system_id,aircraft_id,fault,severity,reported_at,corrective_action
ME0001,AC1001-S01-C04,AC1001-S01,AC1001,Bearing wear,MINOR,2024-09-06T01:00:00,Replaced bearing assembly; flushed and refilled lubrication system
ME0002,AC1001-S01-C05,AC1001-S01,AC1001,Bearing wear,MINOR,2024-09-12T16:00:00,Replaced bearing assembly; flushed and refilled lubrication system
ME0003,AC1001-S01-C03,AC1001-S01,AC1001,Bearing wear,MINOR,2024-09-15T17:00:00,Replaced bearing assembly; flushed and refilled lubrication system
ME0004,AC1001-S01-C01,AC1001-S01,AC1001,Bearing wear,MINOR,2024-09-19T23:00:00,Replaced bearing assembly; flushed and refilled lubrication system
ME0005,AC1001-S01-C03,AC1001-S01,AC1001,Sensor drift,MINOR,2024-09-25T23:00:00,Replaced sensor unit and recalibrated engine monitoring system
ME0006,AC1001-S01-C03,AC1001-S01,AC1001,Vibration exceedance,CRITICAL,2024-09-27T13:00:00,Balanced rotating assembly; replaced damper pads and inspected bearings
ME0007,AC1001-S02-C05,AC1001-S02,AC1001,Bearing wear,MINOR,2024-08-11T17:00:00,Replaced bearing assembly; flushed and refilled lubrication system
ME0008,AC1001-S02-C02,AC1001-S02,AC1001,Vibration exceedance,CRITICAL,2024-08-21T04:00:00,Balanced rotating assembly; replaced damper pads and inspected bearings
ME0009,AC1001-S02-C02,AC1001-S02,AC1001,Vibration exceedance,CRITICAL,2024-08-24T05:00:00,Balanced rotating assembly; replaced damper pads and inspected bearings
ME0010,AC1001-S02-C05,AC1001-S02,AC1001,Vibration exceedance,CRITICAL,2024-08-28T10:00:00,Balanced rotating assembly; replaced damper pads and inspected bearings
ME0011,AC1001-S02-C03,AC1001-S02,AC1001,Vibration exceedance,CRITICAL,2024-09-01T15:00:00,Balanced rotating assembly; replaced damper pads and inspected bearings
ME0012,AC1001-S02-C02,AC1001-S02,AC1001,Vibration exceedance,CRITICAL,2024-09-04T22:00:00,Balanced rotating assembly; replaced damper pads and inspected bearings
ME0013,AC1001-S02-C05,AC1001-S02,AC1001,Vibration exceedance,CRITICAL,2024-09-09T11:00:00,Balanced rotating assembly; replaced damper pads and inspected bearings
ME0014,AC1001-S02-C01,AC1001-S02,AC1001,Vibration exceedance,CRITICAL,2024-09-12T12:00:00,Balanced rotating assembly; replaced damper pads and inspected bearings
ME0015,AC1001-S02-C04,AC1001-S02,AC1001,Vibration exceedance,CRITICAL,2024-09-15T22:00:00,Balanced rotating assembly; replaced damper pads and inspected bearings
ME0016,AC1001-S02-C03,AC1001-S02,AC1001,Vibration exceedance,CRITICAL,2024-09-20T08:00:00,Balanced rotating assembly; replaced damper pads and inspected bearings
ME0017,AC1001-S02-C04,AC1001-S02,AC1001,Vibration exceedance,CRITICAL,2024-09-24T11:00:00,Balanced rotating assembly; replaced damper pads and inspected bearings
ME0018,AC1001-S02-C02,AC1001-S02,AC1001,Vibration exceedance,CRITICAL,2024-09-27T13:00:00,Balanced rotating assembly; replaced damper pads and inspected bearings
ME0019,AC1002-S01-C03,AC1002-S01,AC1002,Bearing wear,MINOR,2024-08-30T05:00:00,Replaced bearing assembly; flushed and refilled lubrication system
ME0020,AC1002-S01-C04,AC1002-S01,AC1002,Bearing wear,MAJOR,2024-09-05T04:00:00,Replaced bearing assembly; flushed and refilled lubrication system
ME0021,AC1002-S01-C01,AC1002-S01,AC1002,Vibration exceedance,CRITICAL,2024-09-08T22:00:00,Balanced rotating assembly; replaced damper pads and inspected bearings
ME0022,AC1002-S01-C03,AC1002-S01,AC1002,Vibration exceedance,CRITICAL,2024-09-12T15:00:00,Balanced rotating assembly; replaced damper pads and inspected bearings
ME0023,AC1002-S01-C03,AC1002-S01,AC1002,Vibration exceedance,CRITICAL,2024-09-16T08:00:00,Balanced rotating assembly; replaced damper pads and inspected bearings
ME0024,AC1002-S01-C02,AC1002-S01,AC1002,Vibration exceedance,CRITICAL,2024-09-19T19:00:00,Balanced rotating assembly; replaced damper pads and inspected bearings
ME0025,AC1002-S01-C03,AC1002-S01,AC1002,Vibration exceedance,CRITICAL,2024-09-23T04:00:00,Balanced rotating assembly; replaced damper pads and inspected bearings
ME0026,AC1002-S01-C04,AC1002-S01,AC1002,Vibration exceedance,CRITICAL,2024-09-26T04:00:00,Balanced rotating assembly; replaced damper pads and inspected bearings
ME0027,AC1003-S01-C05,AC1003-S01,AC1003,Bearing wear,MINOR,2024-09-16T23:00:00,Replaced bearing assembly; flushed and refilled lubrication system
ME0028,AC1004-S01-C05,AC1004-S01,AC1004,Bearing wear,MAJOR,2024-09-17T10:00:00,Replaced bearing assembly; flushed and refilled lubrication system
ME0029,AC1004-S02-C02,AC1004-S02,AC1004,Bearing wear,MAJOR,2024-08-27T07:00:00,Replaced bearing assembly; flushed and refilled lubrication system
ME0030,AC1004-S02-C01,AC1004-S02,AC1004,Bearing wear,MAJOR,2024-08-31T09:00:00,Replaced bearing assembly; flushed and refilled lubrication system
ME0031,AC1004-S02-C03,AC1004-S02,AC1004,Bearing wear,MAJOR,2024-09-03T23:00:00,Replaced bearing assembly; flushed and refilled lubrication system
ME0032,AC1004-S02-C03,AC1004-S02,AC1004,Vibration exceedance,CRITICAL,2024-09-07T18:00:00,Balanced rotating assembly; replaced damper pads and inspected bearings
ME0033,AC1004-S02-C04,AC1004-S02,AC1004,Vibration exceedance,CRITICAL,2024-09-12T18:00:00,Balanced rotating assembly; replaced damper pads and inspected bearings
ME0034,AC1004-S02-C03,AC1004-S02,AC1004,Vibration exceedance,CRITICAL,2024-09-15T20:00:00,Balanced rotating assembly; replaced damper pads and inspected bearings
ME0035,AC1004-S02-C03,AC1004-S02,AC1004,Vibration exceedance,CRITICAL,2024-09-18T23:00:00,Balanced rotating assembly; replaced damper pads and inspected bearings
ME0036,AC1004-S02-C04,AC1004-S02,AC1004,Vibration exceedance,CRITICAL,2024-09-23T15:00:00,Balanced rotating assembly; replaced damper pads and inspected bearings
ME0037,AC1004-S02-C04,AC1004-S02,AC1004,Vibration exceedance,CRITICAL,2024-09-27T01:00:00,Balanced rotating assembly; replaced damper pads and inspected bearings
ME0038,AC1005-S01-C03,AC1005-S01,AC1005,Bearing wear,MAJOR,2024-08-19T16:00:00,Replaced bearing assembly; flushed and refilled lubrication system
ME0039,AC1005-S01-C01,AC1005-S01,AC1005,Bearing wear,MAJOR,2024-08-27T17:00:00,Replaced bearing assembly; flushed and refilled lubrication system
ME0040,AC1005-S01-C04,AC1005-S01,AC1005,Vibration exceedance,CRITICAL,2024-08-31T14:00:00,Balanced rotating assembly; replaced damper pads and inspected bearings
ME0041,AC1005-S01-C04,AC1005-S01,AC1005,Vibration exceedance,CRITICAL,2024-09-06T04:00:00,Balanced rotating assembly; replaced damper pads and inspected bearings
ME0042,AC1005-S01-C01,AC1005-S01,AC1005,Vibration exceedance,CRITICAL,2024-09-10T10:00:00,Balanced rotating assembly; replaced damper pads and inspected bearings
ME0043,AC1005-S01-C02,AC1005-S01,AC1005,Vibration exceedance,CRITICAL,2024-09-14T05:00:00,Balanced rotating assembly; replaced damper pads and inspected bearings
ME0044,AC1005-S01-C03,AC1005-S01,AC1005,Vibration exceedance,CRITICAL,2024-09-18T21:00:00,Balanced rotating assembly; replaced damper pads and inspected bearings
ME0045,AC1005-S01-C02,AC1005-S01,AC1005,Vibration exceedance,CRITICAL,2024-09-22T07:00:00,Balanced rotating assembly; replaced damper pads and inspected bearings
ME0046,AC1005-S01-C04,AC1005-S01,AC1005,Vibration exceedance,CRITICAL,2024-09-25T12:00:00,Balanced rotating assembly; replaced damper pads and inspected bearings
ME0047,AC1005-S02-C01,AC1005-S02,AC1005,Bearing wear,MINOR,2024-08-10T09:00:00,Replaced bearing assembly; flushed and refilled lubrication system
ME0048,AC1005-S02-C02,AC1005-S02,AC1005,Bearing wear,MINOR,2024-08-14T09:00:00,Replaced bearing assembly; flushed and refilled lubrication system
ME0049,AC1005-S02-C01,AC1005-S02,AC1005,Bearing wear,MAJOR,2024-08-18T08:00:00,Replaced bearing assembly; flushed and refilled lubrication system
ME0050,AC1005-S02-C04,AC1005-S02,AC1005,Bearing wear,MAJOR,2024-08-22T00:00:00,Replaced bearing assembly; flushed and refilled lubrication system
ME0051,AC1005-S02-C03,AC1005-S02,AC1005,Vibration exceedance,CRITICAL,2024-08-25T21:00:00,Balanced rotating assembly; replaced damper pads and inspected bearings
ME0052,AC1005-S02-C03,AC1005-S02,AC1005,Vibration exceedance,CRITICAL,2024-08-29T10:00:00,Balanced rotating assembly; replaced damper pads and inspected bearings
ME0053,AC1005-S02-C01,AC1005-S02,AC1005,Vibration exceedance,CRITICAL,2024-09-01T19:00:00,Balanced rotating assembly; replaced damper pads and inspected bearings
ME0054,AC1005-S02-C02,AC1005-S02,AC1005,Vibration exceedance,CRITICAL,2024-09-04T19:00:00,Balanced rotating assembly; replaced damper pads and inspected bearings
ME0055,AC1005-S02-C01,AC1005-S02,AC1005,Vibration exceedance,CRITICAL,2024-09-07T19:00:00,Balanced rotating assembly; replaced damper pads and inspected bearings
ME0056,AC1005-S02-C02,AC1005-S02,AC1005,Vibration exceedance,CRITICAL,2024-09-11T23:00:00,Balanced rotating assembly; replaced damper pads and inspected bearings
ME0057,AC1005-S02-C04,AC1005-S02,AC1005,Vibration exceedance,CRITICAL,2024-09-15T13:00:00,Balanced rotating assembly; replaced damper pads and inspected bearings
ME0058,AC1005-S02-C01,AC1005-S02,AC1005,Vibration exceedance,CRITICAL,2024-09-19T05:00:00,Balanced rotating assembly; replaced damper pads and inspected bearings
ME0059,AC1005-S02-C02,AC1005-S02,AC1005,Vibration exceedance,CRITICAL,2024-09-23T09:00:00,Balanced rotating assembly; replaced damper pads and inspected bearings
ME0060,AC1005-S02-C05,AC1005-S02,AC1005,Vibration exceedance,CRITICAL,2024-09-26T22:00:00,Balanced rotating assembly; replaced damper pads and inspected bearings
ME0061,AC1006-S01-C03,AC1006-S01,AC1006,Bearing wear,MAJOR,2024-08-14T03:00:00,Replaced bearing assembly; flushed and refilled lubrication system
ME0062,AC1006-S01-C02,AC1006-S01,AC1006,Bearing wear,MINOR,2024-08-20T01:00:00,Replaced bearing assembly; flushed and refilled lubrication system
ME0063,AC1006-S01-C02,AC1006-S01,AC1006,Bearing wear,MINOR,2024-08-27T01:00:00,Replaced bearing assembly; flushed and refilled lubrication system
ME0064,AC1006-S01-C05,AC1006-S01,AC1006,Bearing wear,MINOR,2024-08-31T12:00:00,Replaced bearing assembly; flushed and refilled lubrication system
ME0065,AC1006-S01-C04,AC1006-S01,AC1006,Bearing wear,MAJOR,2024-09-04T14:00:00,Replaced bearing assembly; flushed and refilled lubrication system
ME0066,AC1006-S01-C02,AC1006-S01,AC1006,Vibration exceedance,CRITICAL,2024-09-08T16:00:00,Balanced rotating assembly; replaced damper pads and inspected bearings
ME0067,AC1006-S01-C03,AC1006-S01,AC1006,Vibration exceedance,CRITICAL,2024-09-11T18:00:00,Balanced rotating assembly; replaced damper pads and inspected bearings
ME0068,AC1006-S01-C05,AC1006-S01,AC1006,Vibration exceedance,CRITICAL,2024-09-15T02:00:00,Balanced rotating assembly; replaced damper pads and inspected bearings
ME0069,AC1006-S01-C01,AC1006-S01,AC1006,Vibration exceedance,CRITICAL,2024-09-18T04:00:00,Balanced rotating assembly; replaced damper pads and inspected bearings
ME0070,AC1006-S01-C02,AC1006-S01,AC1006,Vibration exceedance,CRITICAL,2024-09-21T09:00:00,Balanced rotating assembly; replaced damper pads and inspected bearings
ME0071,AC1006-S01-C04,AC1006-S01,AC1006,Vibration exceedance,CRITICAL,2024-09-24T22:00:00,Balanced rotating assembly; replaced damper pads and inspected bearings
ME0072,AC1006-S02-C02,AC1006-S02,AC1006,Bearing wear,MINOR,2024-09-06T02:00:00,Replaced bearing assembly; flushed and refilled lubrication system
ME0073,AC1006-S02-C03,AC1006-S02,AC1006,Bearing wear,MAJOR,2024-09-09T03:00:00,Replaced bearing assembly; flushed and refilled lubrication system
ME0074,AC1006-S02-C03,AC1006-S02,AC1006,Bearing wear,MINOR,2024-09-12T14:00:00,Replaced bearing assembly; flushed and refilled lubrication system
ME0075,AC1006-S02-C03,AC1006-S02,AC1006,Bearing wear,MAJOR,2024-09-19T14:00:00,Replaced bearing assembly; flushed and refilled lubrication system
ME0076,AC1006-S02-C02,AC1006-S02,AC1006,Bearing wear,MINOR,2024-09-22T19:00:00,Replaced bearing assembly; flushed and refilled lubrication system
ME0077,AC1006-S02-C01,AC1006-S02,AC1006,Vibration exceedance,CRITICAL,2024-09-27T03:00:00,Balanced rotating assembly; replaced damper pads and inspected bearings
ME0078,AC1007-S02-C01,AC1007-S02,AC1007,Bearing wear,MINOR,2024-08-19T22:00:00,Replaced bearing assembly; flushed and refilled lubrication system
ME0079,AC1007-S02-C05,AC1007-S02,AC1007,Bearing wear,MAJOR,2024-08-27T05:00:00,Replaced bearing assembly; flushed and refilled lubrication system
ME0080,AC1007-S02-C03,AC1007-S02,AC1007,Bearing wear,MAJOR,2024-08-30T09:00:00,Replaced bearing assembly; flushed and refilled lubrication system
ME0081,AC1007-S02-C05,AC1007-S02,AC1007,Bearing wear,MINOR,2024-09-02T20:00:00,Replaced bearing assembly; flushed and refilled lubrication system
ME0082,AC1007-S02-C02,AC1007-S02,AC1007,Vibration exceedance,CRITICAL,2024-09-06T07:00:00,Balanced rotating assembly; replaced damper pads and inspected bearings
ME0083,AC1007-S02-C03,AC1007-S02,AC1007,Vibration exceedance,CRITICAL,2024-09-09T13:00:00,Balanced rotating assembly; replaced damper pads and inspected bearings
ME0084,AC1007-S02-C04,AC1007-S02,AC1007,Sensor drift,MINOR,2024-09-11T07:00:00,Replaced sensor unit and recalibrated engine monitoring system
ME0085,AC1007-S02-C03,AC1007-S02,AC1007,Vibration exceedance,CRITICAL,2024-09-12T17:00:00,Balanced rotating assembly; replaced damper pads and inspected bearings
ME0086,AC1007-S02-C05,AC1007-S02,AC1007,Vibration exceedance,CRITICAL,2024-09-16T01:00:00,Balanced rotating assembly; replaced damper pads and inspected bearings
ME0087,AC1007-S02-C02,AC1007-S02,AC1007,Sensor drift,MINOR,2024-09-17T07:00:00,Replaced sensor unit and recalibrated engine monitoring system
ME0088,AC1007-S02-C05,AC1007-S02,AC1007,Vibration exceedance,CRITICAL,2024-09-19T02:00:00,Balanced rotating assembly; replaced damper pads and inspected bearings
ME0089,AC1007-S02-C02,AC1007-S02,AC1007,Overheat,CRITICAL,2024-09-22T23:00:00,Inspected hot section; replaced affected turbine stage and seals
ME0090,AC1007-S02-C02,AC1007-S02,AC1007,Vibration exceedance,CRITICAL,2024-09-23T16:00:00,Balanced rotating assembly; replaced damper pads and inspected bearings
ME0091,AC1007-S02-C03,AC1007-S02,AC1007,Overheat,CRITICAL,2024-09-26T04:00:00,Inspected hot section; replaced affected turbine stage and seals
ME0092,AC1007-S02-C02,AC1007-S02,AC1007,Vibration exceedance,CRITICAL,2024-09-27T12:00:00,Balanced rotating assembly; replaced damper pads and inspected bearings
ME0093,AC1008-S01-C04,AC1008-S01,AC1008,Bearing wear,MINOR,2024-09-10T19:00:00,Replaced bearing assembly; flushed and refilled lubrication system
ME0094,AC1008-S01-C03,AC1008-S01,AC1008,Bearing wear,MAJOR,2024-09-14T20:00:00,Replaced bearing assembly; flushed and refilled lubrication system
ME0095,AC1008-S01-C05,AC1008-S01,AC1008,Bearing wear,MINOR,2024-09-20T01:00:00,Replaced bearing assembly; flushed and refilled lubrication system
ME0096,AC1008-S01-C03,AC1008-S01,AC1008,Bearing wear,MAJOR,2024-09-23T09:00:00,Replaced bearing assembly; flushed and refilled lubrication system
ME0097,AC1008-S01-C02,AC1008-S01,AC1008,Bearing wear,MINOR,2024-09-28T09:00:00,Replaced bearing assembly; flushed and refilled lubrication system
ME0098,AC1008-S02-C01,AC1008-S02,AC1008,Bearing wear,MINOR,2024-09-08T17:00:00,Replaced bearing assembly; flushed and refilled lubrication system
ME0099,AC1008-S02-C04,AC1008-S02,AC1008,Bearing wear,MINOR,2024-09-12T21:00:00,Replaced bearing assembly; flushed and refilled lubrication system
ME0100,AC1008-S02-C02,AC1008-S02,AC1008,Bearing wear,MINOR,2024-09-21T16:00:00,Replaced bearing assembly; flushed and refilled lubrication system
ME0101,AC1008-S02-C04,AC1008-S02,AC1008,Bearing wear,MINOR,2024-09-24T18:00:00,Replaced bearing assembly; flushed and refilled lubrication system
ME0102,AC1009-S02-C01,AC1009-S02,AC1009,Bearing wear,MAJOR,2024-09-28T13:00:00,Replaced bearing assembly; flushed and refilled lubrication system
ME0103,AC1010-S02-C04,AC1010-S02,AC1010,Bearing wear,MAJOR,2024-09-24T10:00:00,Replaced bearing assembly; flushed and refilled lubrication system
ME0104,AC1011-S01-C04,AC1011-S01,AC1011,Bearing wear,MINOR,2024-09-08T07:00:00,Replaced bearing assembly; flushed and refilled lubrication system
ME0105,AC1011-S01-C03,AC1011-S01,AC1011,Bearing wear,MAJOR,2024-09-13T19:00:00,Replaced bearing assembly; flushed and refilled lubrication system
ME0106,AC1011-S01-C04,AC1011-S01,AC1011,Bearing wear,MINOR,2024-09-18T19:00:00,Replaced bearing assembly; flushed and refilled lubrication system
ME0107,AC1011-S02-C01,AC1011-S02,AC1011,Bearing wear,MINOR,2024-09-02T15:00:00,Replaced bearing assembly; flushed and refilled lubrication system
ME0108,AC1011-S02-C02,AC1011-S02,AC1011,Bearing wear,MINOR,2024-09-05T18:00:00,Replaced bearing assembly; flushed and refilled lubrication system
ME0109,AC1011-S02-C03,AC1011-S02,AC1011,Bearing wear,MINOR,2024-09-08T23:00:00,Replaced bearing assembly; flushed and refilled lubrication system
ME0110,AC1011-S02-C01,AC1011-S02,AC1011,Bearing wear,MAJOR,2024-09-14T13:00:00,Replaced bearing assembly; flushed and refilled lubrication system
ME0111,AC1011-S02-C03,AC1011-S02,AC1011,Vibration exceedance,CRITICAL,2024-09-17T17:00:00,Balanced rotating assembly; replaced damper pads and inspected bearings
ME0112,AC1011-S02-C02,AC1011-S02,AC1011,Vibration exceedance,CRITICAL,2024-09-20T18:00:00,Balanced rotating assembly; replaced damper pads and inspected bearings
ME0113,AC1011-S02-C02,AC1011-S02,AC1011,Vibration exceedance,CRITICAL,2024-09-24T11:00:00,Balanced rotating assembly; replaced damper pads and inspected bearings
ME0114,AC1011-S02-C04,AC1011-S02,AC1011,Vibration exceedance,CRITICAL,2024-09-28T07:00:00,Balanced rotating assembly; replaced damper pads and inspected bearings
ME0115,AC1012-S01-C05,AC1012-S01,AC1012,Bearing wear,MINOR,2024-09-06T11:00:00,Replaced bearing assembly; flushed and refilled lubrication system
ME0116,AC1012-S01-C03,AC1012-S01,AC1012,Overheat,MAJOR,2024-09-14T10:00:00,Inspected hot section; replaced affected turbine stage and seals
ME0117,AC1012-S01-C02,AC1012-S01,AC1012,Bearing wear,MAJOR,2024-09-15T05:00:00,Replaced bearing assembly; flushed and refilled lubrication system
ME0118,AC1012-S01-C02,AC1012-S01,AC1012,Bearing wear,MAJOR,2024-09-20T08:00:00,Replaced bearing assembly; flushed and refilled lubrication system
ME0119,AC1012-S01-C01,AC1012-S01,AC1012,Bearing wear,MAJOR,2024-09-24T00:00:00,Replaced bearing assembly; flushed and refilled lubrication system
ME0120,AC1012-S01-C01,AC1012-S01,AC1012,Overheat,MAJOR,2024-09-24T01:00:00,Inspected hot section; replaced affected turbine stage and seals
ME0121,AC1012-S01-C04,AC1012-S01,AC1012,Bearing wear,MAJOR,2024-09-28T10:00:00,Replaced bearing assembly; flushed and refilled lubrication system
ME0122,AC1012-S02-C04,AC1012-S02,AC1012,Bearing wear,MINOR,2024-08-05T19:00:00,Replaced bearing assembly; flushed and refilled lubrication system
ME0123,AC1012-S02-C03,AC1012-S02,AC1012,Bearing wear,MAJOR,2024-08-12T02:00:00,Replaced bearing assembly; flushed and refilled lubrication system
ME0124,AC1012-S02-C05,AC1012-S02,AC1012,Bearing wear,MINOR,2024-08-16T16:00:00,Replaced bearing assembly; flushed and refilled lubrication system
ME0125,AC1012-S02-C02,AC1012-S02,AC1012,Vibration exceedance,CRITICAL,2024-08-20T10:00:00,Balanced rotating assembly; replaced damper pads and inspected bearings
ME0126,AC1012-S02-C01,AC1012-S02,AC1012,Vibration exceedance,CRITICAL,2024-08-23T20:00:00,Balanced rotating assembly; replaced damper pads and inspected bearings
ME0127,AC1012-S02-C03,AC1012-S02,AC1012,Vibration exceedance,CRITICAL,2024-08-27T02:00:00,Balanced rotating assembly; replaced damper pads and inspected bearings
ME0128,AC1012-S02-C01,AC1012-S02,AC1012,Vibration exceedance,CRITICAL,2024-08-30T07:00:00,Balanced rotating assembly; replaced damper pads and inspected bearings
ME0129,AC1012-S02-C02,AC1012-S02,AC1012,Vibration exceedance,CRITICAL,2024-09-03T16:00:00,Balanced rotating assembly; replaced damper pads and inspected bearings
ME0130,AC1012-S02-C04,AC1012-S02,AC1012,Vibration exceedance,CRITICAL,2024-09-07T11:00:00,Balanced rotating assembly; replaced damper pads and inspected bearings
ME0131,AC1012-S02-C01,AC1012-S02,AC1012,Vibration exceedance,CRITICAL,2024-09-10T19:00:00,Balanced rotating assembly; replaced damper pads and inspected bearings
ME0132,AC1012-S02-C04,AC1012-S02,AC1012,Vibration exceedance,CRITICAL,2024-09-13T19:00:00,Balanced rotating assembly; replaced damper pads and inspected bearings
ME0133,AC1012-S02-C03,AC1012-S02,AC1012,Vibration exceedance,CRITICAL,2024-09-17T11:00:00,Balanced rotating assembly; replaced damper pads and inspected bearings
ME0134,AC1012-S02-C01,AC1012-S02,AC1012,Vibration exceedance,CRITICAL,2024-09-20T23:00:00,Balanced rotating assembly; replaced damper pads and inspected bearings
ME0135,AC1012-S02-C04,AC1012-S02,AC1012,Vibration exceedance,CRITICAL,2024-09-24T15:00:00,Balanced rotating assembly; replaced damper pads and inspected bearings
ME0136,AC1013-S01-C05,AC1013-S01,AC1013,Bearing wear,MINOR,2024-08-18T00:00:00,Replaced bearing assembly; flushed and refilled lubrication system
ME0137,AC1013-S01-C04,AC1013-S01,AC1013,Bearing wear,MAJOR,2024-08-24T13:00:00,Replaced bearing assembly; flushed and refilled lubrication system
ME0138,AC1013-S01-C03,AC1013-S01,AC1013,Vibration exceedance,CRITICAL,2024-08-30T12:00:00,Balanced rotating assembly; replaced damper pads and inspected bearings
ME0139,AC1013-S01-C01,AC1013-S01,AC1013,Vibration exceedance,CRITICAL,2024-09-02T19:00:00,Balanced rotating assembly; replaced damper pads and inspected bearings
ME0140,AC1013-S01-C01,AC1013-S01,AC1013,Vibration exceedance,CRITICAL,2024-09-06T06:00:00,Balanced rotating assembly; replaced damper pads and inspected bearings
ME0141,AC1013-S01-C03,AC1013-S01,AC1013,Vibration exceedance,CRITICAL,2024-09-09T07:00:00,Balanced rotating assembly; replaced damper pads and inspected bearings
ME0142,AC1013-S01-C02,AC1013-S01,AC1013,Vibration exceedance,CRITICAL,2024-09-12T15:00:00,Balanced rotating assembly; replaced damper pads and inspected bearings
ME0143,AC1013-S01-C02,AC1013-S01,AC1013,Sensor drift,MINOR,2024-09-13T06:00:00,Replaced sensor unit and recalibrated engine monitoring system
ME0144,AC1013-S01-C01,AC1013-S01,AC1013,Sensor drift,MINOR,2024-09-17T01:00:00,Replaced sensor unit and recalibrated engine monitoring system
ME0145,AC1013-S01-C01,AC1013-S01,AC1013,Vibration exceedance,CRITICAL,2024-09-18T12:00:00,Balanced rotating assembly; replaced damper pads and inspected bearings
ME0146,AC1013-S01-C03,AC1013-S01,AC1013,Vibration exceedance,CRITICAL,2024-09-21T21:00:00,Balanced rotating assembly; replaced damper pads and inspected bearings
ME0147,AC1013-S01-C05,AC1013-S01,AC1013,Vibration exceedance,CRITICAL,2024-09-25T14:00:00,Balanced rotating assembly; replaced damper pads and inspected bearings
ME0148,AC1013-S02-C03,AC1013-S02,AC1013,Bearing wear,MAJOR,2024-09-10T03:00:00,Replaced bearing assembly; flushed and refilled lubrication system
ME0149,AC1013-S02-C04,AC1013-S02,AC1013,Bearing wear,MAJOR,2024-09-13T16:00:00,Replaced bearing assembly; flushed and refilled lubrication system
ME0150,AC1013-S02-C05,AC1013-S02,AC1013,Bearing wear,MINOR,2024-09-19T17:00:00,Replaced bearing assembly; flushed and refilled lubrication system
ME0151,AC1013-S02-C02,AC1013-S02,AC1013,Overheat,MAJOR,2024-09-25T15:00:00,Inspected hot section; replaced affected turbine stage and seals
ME0152,AC1013-S02-C04,AC1013-S02,AC1013,Vibration exceedance,CRITICAL,2024-09-27T02:00:00,Balanced rotating assembly; replaced damper pads and inspected bearings
ME0153,AC1014-S02-C04,AC1014-S02,AC1014,Bearing wear,MAJOR,2024-09-13T15:00:00,Replaced bearing assembly; flushed and refilled lubrication system
ME0154,AC1014-S02-C01,AC1014-S02,AC1014,Bearing wear,MINOR,2024-09-24T09:00:00,Replaced bearing assembly; flushed and refilled lubrication system
ME0155,AC1014-S02-C05,AC1014-S02,AC1014,Bearing wear,MAJOR,2024-09-28T06:00:00,Replaced bearing assembly; flushed and refilled lubrication system
ME0156,AC1015-S01-C02,AC1015-S01,AC1015,Bearing wear,MAJOR,2024-09-13T12:00:00,Replaced bearing assembly; flushed and refilled lubrication system
ME0157,AC1015-S01-C05,AC1015-S01,AC1015,Bearing wear,MAJOR,2024-09-24T18:00:00,Replaced bearing assembly; flushed and refilled lubrication system
ME0158,AC1015-S01-C04,AC1015-S01,AC1015,Bearing wear,MINOR,2024-09-27T20:00:00,Replaced bearing assembly; flushed and refilled lubrication system
ME0159,AC1016-S02-C02,AC1016-S02,AC1016,Bearing wear,MAJOR,2024-09-14T20:00:00,Replaced bearing assembly; flushed and refilled lubrication system
ME0160,AC1016-S02-C02,AC1016-S02,AC1016,Bearing wear,MAJOR,2024-09-19T05:00:00,Replaced bearing assembly; flushed and refilled lubrication system
ME0161,AC1016-S02-C01,AC1016-S02,AC1016,Bearing wear,MAJOR,2024-09-24T19:00:00,Replaced bearing assembly; flushed and refilled lubrication system
ME0162,AC1018-S01-C05,AC1018-S01,AC1018,Bearing wear,MINOR,2024-09-28T16:00:00,Replaced bearing assembly; flushed and refilled lubrication system
ME0163,AC1019-S01-C02,AC1019-S01,AC1019,Bearing wear,MAJOR,2024-09-15T18:00:00,Replaced bearing assembly; flushed and refilled lubrication system
ME0164,AC1019-S01-C02,AC1019-S01,AC1019,Bearing wear,MAJOR,2024-09-20T07:00:00,Replaced bearing assembly; flushed and refilled lubrication system
ME0165,AC1019-S01-C03,AC1019-S01,AC1019,Bearing wear,MAJOR,2024-09-23T17:00:00,Replaced bearing assembly; flushed and refilled lubrication system
ME0166,AC1021-S01-C03,AC1021-S01,AC1021,Bearing wear,MAJOR,2024-08-11T01:00:00,Replaced bearing assembly; flushed and refilled lubrication system
ME0167,AC1021-S01-C03,AC1021-S01,AC1021,Bearing wear,MINOR,2024-08-15T07:00:00,Replaced bearing assembly; flushed and refilled lubrication system
ME0168,AC1021-S01-C01,AC1021-S01,AC1021,Bearing wear,MAJOR,2024-08-20T21:00:00,Replaced bearing assembly; flushed and refilled lubrication system
ME0169,AC1021-S01-C01,AC1021-S01,AC1021,Vibration exceedance,CRITICAL,2024-08-24T04:00:00,Balanced rotating assembly; replaced damper pads and inspected bearings
ME0170,AC1021-S01-C01,AC1021-S01,AC1021,Vibration exceedance,CRITICAL,2024-08-29T02:00:00,Balanced rotating assembly; replaced damper pads and inspected bearings
ME0171,AC1021-S01-C03,AC1021-S01,AC1021,Vibration exceedance,CRITICAL,2024-09-01T21:00:00,Balanced rotating assembly; replaced damper pads and inspected bearings
ME0172,AC1021-S01-C05,AC1021-S01,AC1021,Vibration exceedance,CRITICAL,2024-09-05T00:00:00,Balanced rotating assembly; replaced damper pads and inspected bearings
ME0173,AC1021-S01-C01,AC1021-S01,AC1021,Vibration exceedance,CRITICAL,2024-09-08T09:00:00,Balanced rotating assembly; replaced damper pads and inspected bearings
ME0174,AC1021-S01-C04,AC1021-S01,AC1021,Vibration exceedance,CRITICAL,2024-09-11T09:00:00,Balanced rotating assembly; replaced damper pads and inspected bearings
ME0175,AC1021-S01-C03,AC1021-S01,AC1021,Vibration exceedance,CRITICAL,2024-09-17T11:00:00,Balanced rotating assembly; replaced damper pads and inspected bearings
ME0176,AC1021-S01-C04,AC1021-S01,AC1021,Vibration exceedance,CRITICAL,2024-09-20T23:00:00,Balanced rotating assembly; replaced damper pads and inspected bearings
ME0177,AC1021-S01-C03,AC1021-S01,AC1021,Vibration exceedance,CRITICAL,2024-09-24T01:00:00,Balanced rotating assembly; replaced damper pads and inspected bearings
ME0178,AC1021-S01-C02,AC1021-S01,AC1021,Vibration exceedance,CRITICAL,2024-09-27T03:00:00,Balanced rotating assembly; replaced damper pads and inspected bearings
ME0179,AC1021-S02-C03,AC1021-S02,AC1021,Sensor drift,MINOR,2024-09-04T06:00:00,Replaced sensor unit and recalibrated engine monitoring system
ME0180,AC1021-S02-C04,AC1021-S02,AC1021,Sensor drift,MINOR,2024-09-09T18:00:00,Replaced sensor unit and recalibrated engine monitoring system
ME0181,AC1021-S02-C01,AC1021-S02,AC1021,Overheat,CRITICAL,2024-09-14T03:00:00,Inspected hot section; replaced affected turbine stage and seals
ME0182,AC1021-S02-C01,AC1021-S02,AC1021,Overheat,MAJOR,2024-09-17T17:00:00,Inspected hot section; replaced affected turbine stage and seals
ME0183,AC1021-S02-C04,AC1021-S02,AC1021,Bearing wear,MINOR,2024-09-20T00:00:00,Replaced bearing assembly; flushed and refilled lubrication system
ME0184,AC1021-S02-C03,AC1021-S02,AC1021,Overheat,CRITICAL,2024-09-21T12:00:00,Inspected hot section; replaced affected turbine stage and seals
ME0185,AC1021-S02-C03,AC1021-S02,AC1021,Overheat,CRITICAL,2024-09-24T14:00:00,Inspected hot section; replaced affected turbine stage and seals
ME0186,AC1021-S02-C05,AC1021-S02,AC1021,Bearing wear,MAJOR,2024-09-26T05:00:00,Replaced bearing assembly; flushed and refilled lubrication system
ME0187,AC1021-S02-C03,AC1021-S02,AC1021,Sensor drift,MINOR,2024-09-28T00:00:00,Replaced sensor unit and recalibrated engine monitoring system
ME0188,AC1022-S01-C05,AC1022-S01,AC1022,Bearing wear,MINOR,2024-08-16T12:00:00,Replaced bearing assembly; flushed and refilled lubrication system
ME0189,AC1022-S01-C01,AC1022-S01,AC1022,Bearing wear,MAJOR,2024-08-20T21:00:00,Replaced bearing assembly; flushed and refilled lubrication system
ME0190,AC1022-S01-C05,AC1022-S01,AC1022,Bearing wear,MAJOR,2024-08-26T00:00:00,Replaced bearing assembly; flushed and refilled lubrication system
ME0191,AC1022-S01-C02,AC1022-S01,AC1022,Vibration exceedance,CRITICAL,2024-08-29T13:00:00,Balanced rotating assembly; replaced damper pads and inspected bearings
ME0192,AC1022-S01-C05,AC1022-S01,AC1022,Vibration exceedance,CRITICAL,2024-09-02T20:00:00,Balanced rotating assembly; replaced damper pads and inspected bearings
ME0193,AC1022-S01-C03,AC1022-S01,AC1022,Vibration exceedance,CRITICAL,2024-09-07T00:00:00,Balanced rotating assembly; replaced damper pads and inspected bearings
ME0194,AC1022-S01-C05,AC1022-S01,AC1022,Vibration exceedance,CRITICAL,2024-09-10T10:00:00,Balanced rotating assembly; replaced damper pads and inspected bearings
ME0195,AC1022-S01-C04,AC1022-S01,AC1022,Vibration exceedance,CRITICAL,2024-09-14T21:00:00,Balanced rotating assembly; replaced damper pads and inspected bearings
ME0196,AC1022-S01-C02,AC1022-S01,AC1022,Vibration exceedance,CRITICAL,2024-09-18T05:00:00,Balanced rotating assembly; replaced damper pads and inspected bearings
ME0197,AC1022-S01-C04,AC1022-S01,AC1022,Vibration exceedance,CRITICAL,2024-09-22T22:00:00,Balanced rotating assembly; replaced damper pads and inspected bearings
ME0198,AC1022-S01-C01,AC1022-S01,AC1022,Vibration exceedance,CRITICAL,2024-09-26T00:00:00,Balanced rotating assembly; replaced damper pads and inspected bearings
ME0199,AC1022-S02-C02,AC1022-S02,AC1022,Bearing wear,MINOR,2024-08-11T17:00:00,Replaced bearing assembly; flushed and refilled lubrication system
ME0200,AC1022-S02-C02,AC1022-S02,AC1022,Bearing wear,MAJOR,2024-08-14T19:00:00,Replaced bearing assembly; flushed and refilled lubrication system
ME0201,AC1022-S02-C02,AC1022-S02,AC1022,Bearing wear,MAJOR,2024-08-22T11:00:00,Replaced bearing assembly; flushed and refilled lubrication system
ME0202,AC1022-S02-C05,AC1022-S02,AC1022,Bearing wear,MAJOR,2024-08-29T02:00:00,Replaced bearing assembly; flushed and refilled lubrication system
ME0203,AC1022-S02-C03,AC1022-S02,AC1022,Vibration exceedance,CRITICAL,2024-09-01T12:00:00,Balanced rotating assembly; replaced damper pads and inspected bearings
ME0204,AC1022-S02-C02,AC1022-S02,AC1022,Vibration exceedance,CRITICAL,2024-09-05T22:00:00,Balanced rotating assembly; replaced damper pads and inspected bearings
ME0205,AC1022-S02-C01,AC1022-S02,AC1022,Vibration exceedance,CRITICAL,2024-09-09T10:00:00,Balanced rotating assembly; replaced damper pads and inspected bearings
ME0206,AC1022-S02-C01,AC1022-S02,AC1022,Vibration exceedance,CRITICAL,2024-09-12T11:00:00,Balanced rotating assembly; replaced damper pads and inspected bearings
ME0207,AC1022-S02-C02,AC1022-S02,AC1022,Vibration exceedance,CRITICAL,2024-09-15T13:00:00,Balanced rotating assembly; replaced damper pads and inspected bearings
ME0208,AC1022-S02-C01,AC1022-S02,AC1022,Vibration exceedance,CRITICAL,2024-09-18T18:00:00,Balanced rotating assembly; replaced damper pads and inspected bearings
ME0209,AC1022-S02-C01,AC1022-S02,AC1022,Vibration exceedance,CRITICAL,2024-09-22T08:00:00,Balanced rotating assembly; replaced damper pads and inspected bearings
ME0210,AC1022-S02-C04,AC1022-S02,AC1022,Vibration exceedance,CRITICAL,2024-09-25T14:00:00,Balanced rotating assembly; replaced damper pads and inspected bearings
ME0211,AC1023-S02-C04,AC1023-S02,AC1023,Bearing wear,MINOR,2024-09-25T12:00:00,Replaced bearing assembly; flushed and refilled lubrication system
ME0212,AC1024-S01-C04,AC1024-S01,AC1024,Bearing wear,MINOR,2024-09-11T13:00:00,Replaced bearing assembly; flushed and refilled lubrication system
ME0213,AC1024-S01-C03,AC1024-S01,AC1024,Bearing wear,MAJOR,2024-09-18T00:00:00,Replaced bearing assembly; flushed and refilled lubrication system
ME0214,AC1024-S01-C03,AC1024-S01,AC1024,Bearing wear,MINOR,2024-09-23T03:00:00,Replaced bearing assembly; flushed and refilled lubrication system
ME0215,AC1024-S01-C03,AC1024-S01,AC1024,Bearing wear,MINOR,2024-09-27T20:00:00,Replaced bearing assembly; flushed and refilled lubrication system
ME0216,AC1024-S02-C02,AC1024-S02,AC1024,Bearing wear,MINOR,2024-09-12T21:00:00,Replaced bearing assembly; flushed and refilled lubrication system
ME0217,AC1024-S02-C01,AC1024-S02,AC1024,Bearing wear,MINOR,2024-09-19T13:00:00,Replaced bearing assembly; flushed and refilled lubrication system
ME0218,AC1024-S02-C05,AC1024-S02,AC1024,Bearing wear,MAJOR,2024-09-26T01:00:00,Replaced bearing assembly; flushed and refilled lubrication system
ME0219,AC1025-S02-C03,AC1025-S02,AC1025,Overheat,MAJOR,2024-08-30T16:00:00,Inspected hot section; replaced affected turbine stage and seals
ME0220,AC1025-S02-C04,AC1025-S02,AC1025,Overheat,MAJOR,2024-09-14T17:00:00,Inspected hot section; replaced affected turbine stage and seals
ME0221,AC1025-S02-C02,AC1025-S02,AC1025,Bearing wear,MAJOR,2024-09-16T22:00:00,Replaced bearing assembly; flushed and refilled lubrication system
ME0222,AC1025-S02-C03,AC1025-S02,AC1025,Bearing wear,MAJOR,2024-09-20T04:00:00,Replaced bearing assembly; flushed and refilled lubrication system
ME0223,AC1025-S02-C01,AC1025-S02,AC1025,Overheat,CRITICAL,2024-09-21T04:00:00,Inspected hot section; replaced affected turbine stage and seals
ME0224,AC1025-S02-C04,AC1025-S02,AC1025,Bearing wear,MAJOR,2024-09-24T12:00:00,Replaced bearing assembly; flushed and refilled lubrication system
ME0225,AC1025-S02-C03,AC1025-S02,AC1025,Overheat,MAJOR,2024-09-28T12:00:00,Inspected hot section; replaced affected turbine stage and seals
ME0226,AC1025-S02-C04,AC1025-S02,AC1025,Bearing wear,MAJOR,2024-09-28T17:00:00,Replaced bearing assembly; flushed and refilled lubrication system
ME0227,AC1026-S02-C03,AC1026-S02,AC1026,Overheat,MAJOR,2024-09-17T14:00:00,Inspected hot section; replaced affected turbine stage and seals
ME0228,AC1026-S02-C03,AC1026-S02,AC1026,Bearing wear,MAJOR,2024-09-23T15:00:00,Replaced bearing assembly; flushed and refilled lubrication system
ME0229,AC1027-S02-C05,AC1027-S02,AC1027,Bearing wear,MAJOR,2024-08-18T05:00:00,Replaced bearing assembly; flushed and refilled lubrication system
ME0230,AC1027-S02-C01,AC1027-S02,AC1027,Bearing wear,MINOR,2024-08-30T07:00:00,Replaced bearing assembly; flushed and refilled lubrication system
ME0231,AC1027-S02-C03,AC1027-S02,AC1027,Vibration exceedance,CRITICAL,2024-09-06T07:00:00,Balanced rotating assembly; replaced damper pads and inspected bearings
ME0232,AC1027-S02-C01,AC1027-S02,AC1027,Vibration exceedance,CRITICAL,2024-09-10T05:00:00,Balanced rotating assembly; replaced damper pads and inspected bearings
ME0233,AC1027-S02-C01,AC1027-S02,AC1027,Vibration exceedance,CRITICAL,2024-09-13T16:00:00,Balanced rotating assembly; replaced damper pads and inspected bearings
ME0234,AC1027-S02-C03,AC1027-S02,AC1027,Vibration exceedance,CRITICAL,2024-09-16T20:00:00,Balanced rotating assembly; replaced damper pads and inspected bearings
ME0235,AC1027-S02-C05,AC1027-S02,AC1027,Vibration exceedance,CRITICAL,2024-09-20T06:00:00,Balanced rotating assembly; replaced damper pads and inspected bearings
ME0236,AC1027-S02-C05,AC1027-S02,AC1027,Vibration exceedance,CRITICAL,2024-09-23T07:00:00,Balanced rotating assembly; replaced damper pads and inspected bearings
ME0237,AC1027-S02-C05,AC1027-S02,AC1027,Vibration exceedance,CRITICAL,2024-09-28T19:00:00,Balanced rotating assembly; replaced damper pads and inspected bearings
ME0238,AC1028-S01-C01,AC1028-S01,AC1028,Bearing wear,MINOR,2024-08-08T11:00:00,Replaced bearing assembly; flushed and refilled lubrication system
ME0239,AC1028-S01-C05,AC1028-S01,AC1028,Bearing wear,MINOR,2024-08-17T10:00:00,Replaced bearing assembly; flushed and refilled lubrication system
ME0240,AC1028-S01-C05,AC1028-S01,AC1028,Vibration exceedance,CRITICAL,2024-08-21T06:00:00,Balanced rotating assembly; replaced damper pads and inspected bearings
ME0241,AC1028-S01-C03,AC1028-S01,AC1028,Vibration exceedance,CRITICAL,2024-08-24T15:00:00,Balanced rotating assembly; replaced damper pads and inspected bearings
ME0242,AC1028-S01-C02,AC1028-S01,AC1028,Vibration exceedance,CRITICAL,2024-08-28T11:00:00,Balanced rotating assembly; replaced damper pads and inspected bearings
ME0243,AC1028-S01-C04,AC1028-S01,AC1028,Vibration exceedance,CRITICAL,2024-09-01T04:00:00,Balanced rotating assembly; replaced damper pads and inspected bearings
ME0244,AC1028-S01-C02,AC1028-S01,AC1028,Vibration exceedance,CRITICAL,2024-09-04T10:00:00,Balanced rotating assembly; replaced damper pads and inspected bearings
ME0245,AC1028-S01-C04,AC1028-S01,AC1028,Vibration exceedance,CRITICAL,2024-09-08T01:00:00,Balanced rotating assembly; replaced damper pads and inspected bearings
ME0246,AC1028-S01-C01,AC1028-S01,AC1028,Vibration exceedance,CRITICAL,2024-09-11T02:00:00,Balanced rotating assembly; replaced damper pads and inspected bearings
ME0247,AC1028-S01-C02,AC1028-S01,AC1028,Overheat,MAJOR,2024-09-14T14:00:00,Inspected hot section; replaced affected turbine stage and seals
ME0248,AC1028-S01-C02,AC1028-S01,AC1028,Vibration exceedance,CRITICAL,2024-09-14T16:00:00,Balanced rotating assembly; replaced damper pads and inspected bearings
ME0249,AC1028-S01-C02,AC1028-S01,AC1028,Vibration exceedance,CRITICAL,2024-09-18T00:00:00,Balanced rotating assembly; replaced damper pads and inspected bearings
ME0250,AC1028-S01-C05,AC1028-S01,AC1028,Vibration exceedance,CRITICAL,2024-09-21T05:00:00,Balanced rotating assembly; replaced damper pads and inspected bearings
ME0251,AC1028-S01-C03,AC1028-S01,AC1028,Vibration exceedance,CRITICAL,2024-09-24T08:00:00,Balanced rotating assembly; replaced damper pads and inspected bearings
ME0252,AC1028-S01-C01,AC1028-S01,AC1028,Overheat,CRITICAL,2024-09-26T08:00:00,Inspected hot section; replaced affected turbine stage and seals
ME0253,AC1028-S01-C04,AC1028-S01,AC1028,Vibration exceedance,CRITICAL,2024-09-27T22:00:00,Balanced rotating assembly; replaced damper pads and inspected bearings
ME0254,AC1028-S02-C04,AC1028-S02,AC1028,Overheat,MAJOR,2024-09-16T00:00:00,Inspected hot section; replaced affected turbine stage and seals
ME0255,AC1028-S02-C03,AC1028-S02,AC1028,Overheat,MAJOR,2024-09-24T05:00:00,Inspected hot section; replaced affected turbine stage and seals
ME0256,AC1029-S02-C01,AC1029-S02,AC1029,Bearing wear,MAJOR,2024-09-15T03:00:00,Replaced bearing assembly; flushed and refilled lubrication system
ME0257,AC1029-S02-C05,AC1029-S02,AC1029,Bearing wear,MAJOR,2024-09-20T16:00:00,Replaced bearing assembly; flushed and refilled lubrication system
ME0258,AC1029-S02-C04,AC1029-S02,AC1029,Overheat,MAJOR,2024-09-21T14:00:00,Inspected hot section; replaced affected turbine stage and seals
ME0259,AC1029-S02-C05,AC1029-S02,AC1029,Bearing wear,MINOR,2024-09-24T10:00:00,Replaced bearing assembly; flushed and refilled lubrication system
ME0260,AC1030-S01-C04,AC1030-S01,AC1030,Bearing wear,MAJOR,2024-09-01T12:00:00,Replaced bearing assembly; flushed and refilled lubrication system
ME0261,AC1030-S01-C04,AC1030-S01,AC1030,Bearing wear,MINOR,2024-09-08T05:00:00,Replaced bearing assembly; flushed and refilled lubrication system
ME0262,AC1030-S01-C05,AC1030-S01,AC1030,Bearing wear,MAJOR,2024-09-16T09:00:00,Replaced bearing assembly; flushed and refilled lubrication system
ME0263,AC1030-S01-C03,AC1030-S01,AC1030,Bearing wear,MINOR,2024-09-19T23:00:00,Replaced bearing assembly; flushed and refilled lubrication system
ME0264,AC1030-S01-C05,AC1030-S01,AC1030,Vibration exceedance,CRITICAL,2024-09-23T05:00:00,Balanced rotating assembly; replaced damper pads and inspected bearings
ME0265,AC1030-S01-C01,AC1030-S01,AC1030,Vibration exceedance,CRITICAL,2024-09-27T10:00:00,Balanced rotating assembly; replaced damper pads and inspected bearings
ME0266,AC1031-S01-C05,AC1031-S01,AC1031,Bearing wear,MINOR,2024-08-14T10:00:00,Replaced bearing assembly; flushed and refilled lubrication system
ME0267,AC1031-S01-C05,AC1031-S01,AC1031,Bearing wear,MINOR,2024-08-18T06:00:00,Replaced bearing assembly; flushed and refilled lubrication system
ME0268,AC1031-S01-C04,AC1031-S01,AC1031,Vibration exceedance,CRITICAL,2024-08-28T05:00:00,Balanced rotating assembly; replaced damper pads and inspected bearings
ME0269,AC1031-S01-C04,AC1031-S01,AC1031,Bearing wear,MINOR,2024-09-02T23:00:00,Replaced bearing assembly; flushed and refilled lubrication system
ME0270,AC1031-S01-C03,AC1031-S01,AC1031,Vibration exceedance,CRITICAL,2024-09-06T11:00:00,Balanced rotating assembly; replaced damper pads and inspected bearings
ME0271,AC1031-S01-C02,AC1031-S01,AC1031,Vibration exceedance,CRITICAL,2024-09-09T13:00:00,Balanced rotating assembly; replaced damper pads and inspected bearings
ME0272,AC1031-S01-C05,AC1031-S01,AC1031,Vibration exceedance,CRITICAL,2024-09-12T13:00:00,Balanced rotating assembly; replaced damper pads and inspected bearings
ME0273,AC1031-S01-C02,AC1031-S01,AC1031,Vibration exceedance,CRITICAL,2024-09-16T17:00:00,Balanced rotating assembly; replaced damper pads and inspected bearings
ME0274,AC1031-S01-C04,AC1031-S01,AC1031,Vibration exceedance,CRITICAL,2024-09-19T17:00:00,Balanced rotating assembly; replaced damper pads and inspected bearings
ME0275,AC1031-S01-C04,AC1031-S01,AC1031,Vibration exceedance,CRITICAL,2024-09-23T05:00:00,Balanced rotating assembly; replaced damper pads and inspected bearings
ME0276,AC1031-S01-C04,AC1031-S01,AC1031,Vibration exceedance,CRITICAL,2024-09-27T15:00:00,Balanced rotating assembly; replaced damper pads and inspected bearings
ME0277,AC1031-S02-C02,AC1031-S02,AC1031,Bearing wear,MAJOR,2024-09-10T05:00:00,Replaced bearing assembly; flushed and refilled lubrication system
ME0278,AC1031-S02-C05,AC1031-S02,AC1031,Bearing wear,MAJOR,2024-09-23T12:00:00,Replaced bearing assembly; flushed and refilled lubrication system
ME0279,AC1032-S02-C04,AC1032-S02,AC1032,Sensor drift,MINOR,2024-09-21T21:00:00,Replaced sensor unit and recalibrated engine monitoring system
ME0280,AC1035-S02-C01,AC1035-S02,AC1035,Bearing wear,MAJOR,2024-09-06T14:00:00,Replaced bearing assembly; flushed and refilled lubrication system
ME0281,AC1035-S02-C01,AC1035-S02,AC1035,Bearing wear,MINOR,2024-09-15T22:00:00,Replaced bearing assembly; flushed and refilled lubrication system
ME0282,AC1035-S02-C01,AC1035-S02,AC1035,Bearing wear,MAJOR,2024-09-18T22:00:00,Replaced bearing assembly; flushed and refilled lubrication system
ME0283,AC1035-S02-C04,AC1035-S02,AC1035,Bearing wear,MINOR,2024-09-27T18:00:00,Replaced bearing assembly; flushed and refilled lubrication system
ME0284,AC1036-S02-C01,AC1036-S02,AC1036,Bearing wear,MINOR,2024-09-17T19:00:00,Replaced bearing assembly; flushed and refilled lubrication system
ME0285,AC1036-S02-C03,AC1036-S02,AC1036,Bearing wear,MAJOR,2024-09-24T12:00:00,Replaced bearing assembly; flushed and refilled lubrication system
ME0286,AC1036-S02-C03,AC1036-S02,AC1036,Bearing wear,MAJOR,2024-09-28T21:00:00,Replaced bearing assembly; flushed and refilled lubrication system
