:ID(RemovalEvent),RMV_TRK_NO,RMV_REA_TX,component_id,aircraft_id,removal_date,work_order_number,technician_id,part_number,serial_number,time_since_install,flight_hours_at_removal,flight_cycles_at_removal,replacement_required,shop_visit_required,warranty_status,removal_priority,cost_estimate,installation_date
RE000001,RMV240721000001,Civil high decision beautiful rise seat physical seem yard,AC1001-S02-C02,AC1001,2024-07-21T10:00:00,WO2407-0001,Cindy Hernandez,PT23306-553,SNHA731798,2256,11232,625,True,False,IN_WARRANTY,LOW,7200,2024-04-18T10:00:00
RE000002,RMV240909000002,Stay red western notice present crime thousand apply rather describe,AC1002-S02-C02,AC1002,2024-09-09T17:00:00,WO2409-0002,Roger Santiago,P66005-692,SNME628044,7920,13066,873,True,False,IN_WARRANTY,LOW,12295,2023-10-15T17:00:00
RE000003,RMV240911000003,Wall guess majority prepare upon,AC1002-S02-C05,AC1002,2024-09-11T06:00:00,WO2409-0003,Haley Moore,PNR25330-987,SNAW564363,18744,24127,342,True,True,OUT_WARRANTY,MEDIUM,42258,2022-07-23T06:00:00
RE000004,RMV240923000004,Meeting mind senior tonight with red idea stay compare,AC1003-S01-C01,AC1003,2024-09-23T06:00:00,WO2409-0004,Sherry Anderson,PT17513-356,SNJL975883,4080,7171,690,True,False,IN_WARRANTY,HIGH,59054,2024-04-06T06:00:00
RE000005,RMV240905000005,Occur book major defense suddenly size tell popular worry give well,AC1004-S03-C03,AC1004,2024-09-05T11:00:00,WO2409-0005,Jacqueline Moore,P23917-838,SNOZ439623,15264,7272,2599,False,True,OUT_WARRANTY,LOW,6140,2022-12-09T11:00:00
RE000006,RMV240806000006,Evidence future group best young how argue,AC1005-S02-C01,AC1005,2024-08-06T13:00:00,WO2408-0006,Pamela Hubbard,PN43795-311,SNQY625752,15120,6573,671,True,True,IN_WARRANTY,HIGH,59105,2022-11-15T13:00:00
RE000007,RMV240817000007,Rich list lay news child owner believe know not present,AC1006-S01-C03,AC1006,2024-08-17T07:00:00,WO2408-0007,Wanda Lee,PN47331-987,SNHM878689,18168,23424,2676,True,True,IN_WARRANTY,MEDIUM,40003,2022-07-22T07:00:00
RE000008,RMV240809000008,Shoulder easy issue establish fly economy,AC1006-S01-C01,AC1006,2024-08-09T18:00:00,WO2408-0008,Kevin Hampton,P19536-679,SNLI922819,3504,17283,2122,True,True,OUT_WARRANTY,MEDIUM,50738,2024-03-16T18:00:00
RE000009,RMV240824000009,Where them wish seat region,AC1007-S01-C04,AC1007,2024-08-24T14:00:00,WO2408-0009,Nancy Cole,P23065-895,SNKT770712,8520,18760,3259,True,True,IN_WARRANTY,LOW,16941,2023-09-04T14:00:00
RE000010,RMV240808000010,Condition exactly field dark goal,AC1007-S04-C04,AC1007,2024-08-08T11:00:00,WO2408-0010,Robert Gray,PNR61871-884,SNQP296479,12168,6363,2407,True,False,OUT_WARRANTY,HIGH,37787,2023-03-20T11:00:00
RE000011,RMV240825000011,Then lay important time road girl,AC1007-S03-C01,AC1007,2024-08-25T12:00:00,WO2408-0011,Brittany Davis,PN29545-058,SNRB020475,18864,14178,284,True,True,OUT_WARRANTY,CRITICAL,80795,2022-07-01T12:00:00
RE000012,RMV240906000012,Article kitchen decision manage land market great,AC1007-S03-C03,AC1007,2024-09-06T18:00:00,WO2409-0012,Kristine Fletcher,PNR13284-978,SNSJ175856,12168,24524,2219,False,True,IN_WARRANTY,HIGH,63492,2023-04-18T18:00:00
RE000013,RMV240827000013,Those those rate indicate nearly clearly,AC1007-S03-C01,AC1007,2024-08-27T12:00:00,WO2408-0013,Sierra Allen,PNR84058-293,SNYZ523428,2712,1693,2980,True,False,OUT_WARRANTY,HIGH,41273,2024-05-06T12:00:00
RE000014,RMV240715000014,City eat develop notice cultural should,AC1008-S02-C02,AC1008,2024-07-15T08:00:00,WO2407-0014,Jimmy Newman,PN24706-376,SNVH962649,3288,19749,487,True,False,IN_WARRANTY,CRITICAL,22959,2024-02-29T08:00:00
RE000015,RMV240810000015,Dream sport it process,AC1008-S01-C03,AC1008,2024-08-10T12:00:00,WO2408-0015,Chad Hernandez,P31481-412,SNON600293,6864,11179,3834,True,True,OUT_WARRANTY,LOW,12929,2023-10-29T12:00:00
RE000016,RMV240802000016,Control idea cause hit someone around spring form,AC1009-S02-C04,AC1009,2024-08-02T11:00:00,WO2408-0016,Beverly Marsh,P32989-025,SNEU879750,14880,5536,1172,True,True,OUT_WARRANTY,HIGH,51353,2022-11-21T11:00:00
RE000017,RMV240811000017,Their final that its remain rich agent,AC1010-S02-C01,AC1010,2024-08-11T11:00:00,WO2408-0017,Raymond Serrano,PN85487-160,SNFC654367,10368,4369,1881,True,False,OUT_WARRANTY,MEDIUM,16723,2023-06-06T11:00:00
RE000018,RMV240710000018,State reduce own understand positive contain,AC1011-S03-C03,AC1011,2024-07-10T14:00:00,WO2407-0018,Tyler Jones,P77076-690,SNSC375591,7440,6762,871,True,True,OUT_WARRANTY,HIGH,37038,2023-09-04T14:00:00
RE000019,RMV240721000019,Home church season say catch year official hair if,AC1012-S02-C05,AC1012,2024-07-21T09:00:00,WO2407-0019,Jeffrey Alvarado,P52224-952,SNCN344300,9240,2209,2579,True,True,OUT_WARRANTY,HIGH,62065,2023-07-02T09:00:00
RE000020,RMV240721000020,Body camera home soon including career,AC1013-S01-C04,AC1013,2024-07-21T12:00:00,WO2407-0020,Richard Burns,P41460-422,SNYL948513,2640,20495,3281,True,False,OUT_WARRANTY,MEDIUM,49701,2024-04-02T12:00:00
RE000021,RMV240719000021,Expert out assume law rich should tough bill inside,AC1014-S04-C02,AC1014,2024-07-19T15:00:00,WO2407-0021,Dan Colon,PNR19444-699,SNSU275828,18672,12571,2413,True,True,OUT_WARRANTY,MEDIUM,8927,2022-06-02T15:00:00
RE000022,RMV240722000022,We president grow natural include,AC1014-S01-C01,AC1014,2024-07-22T08:00:00,WO2407-0022,Heather Miller,P31397-908,SNZP280864,10536,15545,1747,True,False,IN_WARRANTY,MEDIUM,16506,2023-05-10T08:00:00
RE000023,RMV240916000023,Success scene explain close beyond,AC1015-S04-C03,AC1015,2024-09-16T06:00:00,WO2409-0023,Darren Parker,PT67896-910,SNUN611868,8928,22148,1918,True,True,OUT_WARRANTY,MEDIUM,48780,2023-09-10T06:00:00
RE000024,RMV240928000024,Light result capital really set source time billion major man,AC1015-S02-C03,AC1015,2024-09-28T08:00:00,WO2409-0024,Bobby Small,PNR52919-511,SNGL267420,6744,4734,1113,True,False,IN_WARRANTY,HIGH,83046,2023-12-22T08:00:00
RE000025,RMV240922000025,Wall especially population treat example discuss up large,AC1016-S04-C03,AC1016,2024-09-22T15:00:00,WO2409-0025,Megan Williams,PT98502-511,SNHW516778,7272,15126,3224,True,True,OUT_WARRANTY,LOW,20077,2023-11-24T15:00:00
RE000026,RMV240720000026,Accept rich to happy provide commercial TV his,AC1017-S03-C01,AC1017,2024-07-20T14:00:00,WO2407-0026,Nancy Mcguire,P85198-836,SNQH138953,5280,22319,1768,True,True,OUT_WARRANTY,HIGH,76080,2023-12-13T14:00:00
RE000027,RMV240712000027,Ok experience sell child set phone reveal most,AC1018-S03-C01,AC1018,2024-07-12T08:00:00,WO2407-0027,Suzanne Cummings,P91041-209,SNNP925856,17112,3121,3381,True,True,OUT_WARRANTY,MEDIUM,28743,2022-07-30T08:00:00
RE000028,RMV240913000028,Young general resource security nothing red family describe available subject,AC1019-S03-C02,AC1019,2024-09-13T12:00:00,WO2409-0028,Andrew Kerr,P44500-522,SNYQ078232,8928,2527,1965,True,True,IN_WARRANTY,LOW,19249,2023-09-07T12:00:00
RE000029,RMV240928000029,Morning man in media know,AC1019-S03-C03,AC1019,2024-09-28T06:00:00,WO2409-0029,Madeline Smith,P53661-917,SNEW356350,8832,10191,1607,True,False,OUT_WARRANTY,LOW,10564,2023-09-26T06:00:00
RE000030,RMV240912000030,Option seek rule network best she organization,AC1020-S02-C05,AC1020,2024-09-12T15:00:00,WO2409-0030,Pamela Martin,PNR10161-260,SNJP283806,8232,13336,3476,True,False,OUT_WARRANTY,HIGH,84486,2023-10-05T15:00:00
RE000031,RMV240908000031,Think particularly usually always first name,AC1020-S03-C03,AC1020,2024-09-08T16:00:00,WO2409-0031,Katherine Brown,PNR93786-556,SNGZ905171,11352,20734,2988,True,False,IN_WARRANTY,HIGH,66102,2023-05-24T16:00:00
RE000032,RMV240727000032,Step set bag list system able boy out investment,AC1021-S01-C01,AC1021,2024-07-27T14:00:00,WO2407-0032,Valerie Meyer,P93510-165,SNDZ820274,16008,3502,1506,True,False,OUT_WARRANTY,LOW,28437,2022-09-29T14:00:00
RE000033,RMV240710000033,Share part occur war responsibility move large support without price,AC1021-S02-C03,AC1021,2024-07-10T12:00:00,WO2407-0033,William Green,PN57518-170,SNOU898165,13248,7737,2248,False,False,OUT_WARRANTY,HIGH,51836,2023-01-05T12:00:00
RE000034,RMV240724000034,Movement entire land couple finish its which top impact consider,AC1022-S03-C02,AC1022,2024-07-24T08:00:00,WO2407-0034,Justin Gutierrez,PN33410-163,SNRF421748,5256,15305,2637,True,False,OUT_WARRANTY,MEDIUM,54781,2023-12-18T08:00:00
RE000035,RMV240803000035,Two down her alone campaign return draw technology over,AC1022-S01-C05,AC1022,2024-08-03T16:00:00,WO2408-0035,Adrienne Tucker,PNR73844-466,SNMC105423,16992,8613,665,False,True,OUT_WARRANTY,MEDIUM,35606,2022-08-26T16:00:00
RE000036,RMV240718000036,Girl American popular speech as action agency court bag nature,AC1022-S03-C03,AC1022,2024-07-18T12:00:00,WO2407-0036,Robin Fernandez,PT67759-494,SNKU124408,11496,13573,1066,True,True,OUT_WARRANTY,MEDIUM,53632,2023-03-27T12:00:00
RE000037,RMV240729000037,Cup thought manager weight on leg at end least,AC1023-S02-C01,AC1023,2024-07-29T09:00:00,WO2407-0037,James Webb,P79981-811,SNBQ338877,14808,2635,239,True,True,IN_WARRANTY,MEDIUM,17666,2022-11-20T09:00:00
RE000038,RMV240830000038,Life wear pay political sell around work continue news,AC1024-S02-C02,AC1024,2024-08-30T09:00:00,WO2408-0038,Timothy Johnson,P68370-898,SNNU114691,5568,3777,3269,True,False,IN_WARRANTY,HIGH,27030,2024-01-11T09:00:00
RE000039,RMV240910000039,Into defense avoid third occur part mouth eat involve,AC1025-S02-C04,AC1025,2024-09-10T06:00:00,WO2409-0039,Julie Anderson,PT48315-207,SNRR140713,6816,16469,1535,True,True,IN_WARRANTY,MEDIUM,59836,2023-12-01T06:00:00
RE000040,RMV240710000040,Word star drive travel lot ahead material long admit,AC1026-S03-C01,AC1026,2024-07-10T10:00:00,WO2407-0040,Linda Green,PT10519-324,SNYV771401,9360,12701,2860,True,False,OUT_WARRANTY,CRITICAL,12867,2023-06-16T10:00:00
RE000041,RMV240704000041,Event important research black set,AC1026-S01-C05,AC1026,2024-07-04T10:00:00,WO2407-0041,Lindsey Miller,PN70261-485,SNJI490652,11328,11869,1304,False,True,OUT_WARRANTY,CRITICAL,123173,2023-03-20T10:00:00
RE000042,RMV240824000042,Structure goal southern hotel we,AC1027-S02-C05,AC1027,2024-08-24T17:00:00,WO2408-0042,Holly Parker,PN69319-124,SNPR963078,15408,15965,3274,True,True,IN_WARRANTY,LOW,10618,2022-11-21T17:00:00
RE000043,RMV240714000043,Whether city song life statement sign play century,AC1027-S02-C01,AC1027,2024-07-14T09:00:00,WO2407-0043,Jeremy Salazar,PN63987-082,SNZF767933,20208,8475,1256,True,False,OUT_WARRANTY,HIGH,71942,2022-03-25T09:00:00
RE000044,RMV240921000044,Mother country kitchen safe scientist only,AC1028-S02-C02,AC1028,2024-09-21T15:00:00,WO2409-0044,Laura Martinez,PT65580-077,SNJD012173,12744,8698,3848,True,True,IN_WARRANTY,LOW,7689,2023-04-09T15:00:00
RE000045,RMV240809000045,Tree indeed shoulder sure no with however window feel available,AC1028-S01-C02,AC1028,2024-08-09T07:00:00,WO2408-0045,Jose Hernandez,PT77834-651,SNHY342683,5712,9910,2384,True,True,IN_WARRANTY,CRITICAL,50446,2023-12-15T07:00:00
RE000046,RMV240814000046,Woman for term bill name development set adult,AC1029-S02-C03,AC1029,2024-08-14T09:00:00,WO2408-0046,Tommy Wilson,PT14909-509,SNJH500165,19680,11340,3462,True,False,IN_WARRANTY,HIGH,54414,2022-05-17T09:00:00
RE000047,RMV240723000047,There together over art,AC1029-S03-C02,AC1029,2024-07-23T14:00:00,WO2407-0047,John Kirby,PNR14744-656,SNGM453301,18312,1921,844,False,False,IN_WARRANTY,LOW,4501,2022-06-21T14:00:00
RE000048,RMV240819000048,Ask term though operation serve same,AC1029-S01-C04,AC1029,2024-08-19T07:00:00,WO2408-0048,Andrea Luna,P48066-222,SNAD866016,5448,17528,2862,True,False,OUT_WARRANTY,HIGH,80827,2024-01-05T07:00:00
RE000049,RMV240710000049,Focus sure serious property little,AC1030-S02-C05,AC1030,2024-07-10T10:00:00,WO2407-0049,Jose Jones,PT72782-927,SNFJ055399,3600,19855,413,True,True,OUT_WARRANTY,CRITICAL,63613,2024-02-11T10:00:00
RE000050,RMV240922000050,Peace feel west history recent hear back off reduce,AC1031-S02-C01,AC1031,2024-09-22T09:00:00,WO2409-0050,Kevin Taylor,PN74940-624,SNQH022174,20232,13032,1057,True,True,OUT_WARRANTY,HIGH,66648,2022-06-02T09:00:00
RE000051,RMV240813000051,Charge seat oil board amount option environment add,AC1032-S04-C02,AC1032,2024-08-13T08:00:00,WO2408-0051,Todd Morris,PN98912-557,SNUX258314,11952,9535,1105,True,True,OUT_WARRANTY,HIGH,50371,2023-04-03T08:00:00
RE000052,RMV240907000052,Second always race develop entire,AC1033-S03-C02,AC1033,2024-09-07T13:00:00,WO2409-0052,Margaret Miller,PNR32938-634,SNBB360235,16920,18261,1806,True,True,OUT_WARRANTY,MEDIUM,11306,2022-10-03T13:00:00
RE000053,RMV240828000053,Seem scientist art be tax material type,AC1034-S01-C02,AC1034,2024-08-28T07:00:00,WO2408-0053,Laura Bolton,PNR36560-824,SNJT934785,5376,17470,1652,True,True,OUT_WARRANTY,MEDIUM,16205,2024-01-17T07:00:00
RE000054,RMV240831000054,Type who after boy research,AC1035-S03-C02,AC1035,2024-08-31T11:00:00,WO2408-0054,William Rodriguez,PN99910-031,SNPS286126,9432,12836,1977,True,True,IN_WARRANTY,HIGH,6118,2023-08-04T11:00:00
RE000055,RMV240725000055,It goal include anything later indicate dream poor,AC1036-S02-C05,AC1036,2024-07-25T07:00:00,WO2407-0055,Bobby Perez,PN19747-090,SNLT924160,12888,20122,2301,True,True,OUT_WARRANTY,MEDIUM,58015,2023-02-04T07:00:00
RE000056,RMV240728000056,Owner describe bring work claim maintain goal admit that enjoy,AC1037-S04-C04,AC1037,2024-07-28T16:00:00,WO2407-0056,Kellie Williams,PN73674-676,SNAK813545,3192,8580,3546,True,True,OUT_WARRANTY,MEDIUM,25624,2024-03-17T16:00:00
RE000057,RMV240707000057,Scene focus least cover vote notice,AC1038-S01-C02,AC1038,2024-07-07T10:00:00,WO2407-0057,Kaitlyn Turner,P20645-640,SNAS221587,14592,21997,1132,True,True,IN_WARRANTY,LOW,10945,2022-11-07T10:00:00
RE000058,RMV240701000058,Start thought direction race manage science,AC1039-S01-C01,AC1039,2024-07-01T15:00:00,WO2407-0058,James Castillo,P83476-032,SNWR653446,17400,7459,1769,True,True,OUT_WARRANTY,HIGH,42318,2022-07-07T15:00:00
RE000059,RMV240711000059,Five accept admit author realize,AC1039-S03-C03,AC1039,2024-07-11T14:00:00,WO2407-0059,Mary Brown,P85136-275,SNCT612645,12912,19605,1848,True,True,OUT_WARRANTY,HIGH,13020,2023-01-20T14:00:00
RE000060,RMV240916000060,Question stock hair travel others nearly sing same,AC1040-S02-C02,AC1040,2024-09-16T18:00:00,WO2409-0060,Amy Brown,PNR99027-788,SNWC654245,15456,22374,2320,True,True,OUT_WARRANTY,MEDIUM,20276,2022-12-12T18:00:00
RE000061,RMV240917000061,Which truth once moment wrong hope drug too pressure take,AC1041-S03-C03,AC1041,2024-09-17T11:00:00,WO2409-0061,Lydia Harris,PT54083-048,SNTG839337,13464,18519,222,True,True,OUT_WARRANTY,MEDIUM,22854,2023-03-06T11:00:00
RE000062,RMV240813000062,College before alone year though wife growth little,AC1042-S03-C02,AC1042,2024-08-13T16:00:00,WO2408-0062,Miss Tammy Smith,PN82638-300,SNMJ883883,10752,9012,2576,True,False,OUT_WARRANTY,HIGH,61771,2023-05-23T16:00:00
RE000063,RMV240924000063,Buy edge heavy development office,AC1043-S02-C02,AC1043,2024-09-24T09:00:00,WO2409-0063,Stacey Harrington,PNR43129-888,SNVQ451720,19008,10255,522,True,False,OUT_WARRANTY,MEDIUM,19429,2022-07-25T09:00:00
RE000064,RMV240719000064,Yard rest benefit event process candidate time collection,AC1043-S03-C03,AC1043,2024-07-19T08:00:00,WO2407-0064,Joseph Young,PT88152-917,SNUD173719,18216,2520,2798,True,False,IN_WARRANTY,HIGH,45459,2022-06-21T08:00:00
RE000065,RMV240808000065,Science nature discover avoid stock town,AC1044-S02-C03,AC1044,2024-08-08T07:00:00,WO2408-0065,Emily Rush,PT85219-680,SNBB163530,16344,1380,2795,True,True,IN_WARRANTY,LOW,5831,2022-09-27T07:00:00
RE000066,RMV240914000066,Tell fish value business investment sell arm risk,AC1045-S02-C01,AC1045,2024-09-14T12:00:00,WO2409-0066,Bonnie Jones,P63441-635,SNNQ961021,5424,23450,1283,True,True,OUT_WARRANTY,MEDIUM,53656,2024-02-01T12:00:00
RE000067,RMV240814000067,Color street toward tonight later answer type condition office soldier,AC1046-S01-C02,AC1046,2024-08-14T17:00:00,WO2408-0067,Shannon Martin,PN45793-966,SNUN083576,14160,8298,2795,True,False,OUT_WARRANTY,HIGH,68404,2023-01-02T17:00:00
RE000068,RMV240715000068,Nor like dog thing could region city,AC1047-S03-C03,AC1047,2024-07-15T13:00:00,WO2407-0068,Bryan Kim,PN65805-045,SNCW810101,11568,5727,1549,True,False,IN_WARRANTY,MEDIUM,41566,2023-03-21T13:00:00
RE000069,RMV240907000069,Power evening last note role evening thing prove effort enjoy,AC1048-S04-C04,AC1048,2024-09-07T07:00:00,WO2409-0069,Daniel Hendrix,P39458-189,SNHL097049,12720,7971,3162,True,True,OUT_WARRANTY,HIGH,23536,2023-03-27T07:00:00
RE000070,RMV240829000070,High money recognize will style deep,AC1049-S04-C04,AC1049,2024-08-29T11:00:00,WO2408-0070,Keith Salazar,PNR70130-822,SNXU071395,14592,24753,1020,True,False,IN_WARRANTY,LOW,16728,2022-12-30T11:00:00
RE000071,RMV240829000071,Either side force eight visit then note rock,AC1050-S02-C02,AC1050,2024-08-29T12:00:00,WO2408-0071,Nicholas Burnett,PN80918-059,SNMZ194867,11136,16825,219,True,False,OUT_WARRANTY,MEDIUM,32405,2023-05-23T12:00:00
RE000072,RMV240720000072,Push ground recognize today behind begin whose case nice,AC1051-S04-C04,AC1051,2024-07-20T16:00:00,WO2407-0072,Glenn Campbell,PT26366-803,SNYM384600,8928,5321,2013,True,True,IN_WARRANTY,MEDIUM,36657,2023-07-14T16:00:00
RE000073,RMV240817000073,Energy explain score their gun style culture player economic,AC1052-S02-C04,AC1052,2024-08-17T15:00:00,WO2408-0073,Robert Crawford,PNR47107-138,SNRA814190,9960,4654,1692,True,True,OUT_WARRANTY,MEDIUM,11419,2023-06-29T15:00:00
RE000074,RMV240824000074,Energy board heart Mr someone,AC1052-S04-C01,AC1052,2024-08-24T07:00:00,WO2408-0074,Carlos White,PT62737-327,SNAG748886,16584,11550,2510,True,True,OUT_WARRANTY,HIGH,15155,2022-10-03T07:00:00
RE000075,RMV240801000075,Week save truth card report thousand skin investment yard also,AC1052-S02-C04,AC1052,2024-08-01T17:00:00,WO2408-0075,Joshua Davis,PNR29680-818,SNKX070405,12552,5473,1395,True,False,IN_WARRANTY,MEDIUM,27154,2023-02-25T17:00:00
RE000076,RMV240824000076,Moment live perhaps through speech,AC1052-S04-C01,AC1052,2024-08-24T18:00:00,WO2408-0076,Holly Berry,PNR21035-393,SNTS870922,2736,6903,3189,True,False,OUT_WARRANTY,HIGH,80635,2024-05-02T18:00:00
RE000077,RMV240818000077,Daughter onto democratic summer far life church like,AC1053-S02-C02,AC1053,2024-08-18T07:00:00,WO2408-0077,Todd Blankenship,PN42460-846,SNEH652250,19320,5879,1954,False,True,IN_WARRANTY,LOW,20680,2022-06-05T07:00:00
RE000078,RMV240905000078,Down them should above yard,AC1053-S04-C03,AC1053,2024-09-05T11:00:00,WO2409-0078,Michelle Castillo,PN77802-419,SNJY566813,9624,2727,2440,True,False,OUT_WARRANTY,HIGH,44161,2023-08-01T11:00:00
RE000079,RMV240712000079,Discussion threat memory reflect take thank dark someone know,AC1054-S03-C02,AC1054,2024-07-12T16:00:00,WO2407-0079,Robert Jackson,PT73326-291,SNNF779495,20472,8310,437,False,True,OUT_WARRANTY,LOW,12652,2022-03-12T16:00:00
RE000080,RMV240915000080,Worry leader education administration drive political these political,AC1055-S04-C03,AC1055,2024-09-15T12:00:00,WO2409-0080,Melanie Becker,PT93174-954,SNFU571807,14016,23900,1233,True,True,IN_WARRANTY,HIGH,81872,2023-02-09T12:00:00
RE000081,RMV240916000081,Song it back also decade everybody near,AC1055-S03-C02,AC1055,2024-09-16T08:00:00,WO2409-0081,Eric Gray,PT85930-495,SNOC418124,12552,15375,3983,True,False,OUT_WARRANTY,HIGH,92236,2023-04-12T08:00:00
RE000082,RMV240815000082,Degree image phone professional hospital Democrat chance idea,AC1055-S01-C01,AC1055,2024-08-15T17:00:00,WO2408-0082,Michael Nguyen,PT39657-787,SNBK414014,18456,5495,2677,True,True,IN_WARRANTY,LOW,19673,2022-07-08T17:00:00
RE000083,RMV240813000083,Take believe camera hair hospital ever assume production effort,AC1056-S04-C03,AC1056,2024-08-13T18:00:00,WO2408-0083,Ashley Martinez,PT96127-080,SNTX873118,7800,22474,3003,True,True,OUT_WARRANTY,MEDIUM,22941,2023-09-23T18:00:00
RE000084,RMV240904000084,Even easy again until reflect every start event your remember,AC1056-S02-C02,AC1056,2024-09-04T18:00:00,WO2409-0084,Andrew Nunez,PNR86115-879,SNZK358800,11928,21580,2136,True,True,OUT_WARRANTY,MEDIUM,15222,2023-04-26T18:00:00
RE000085,RMV240910000085,Last site get agree TV skill,AC1057-S04-C03,AC1057,2024-09-10T15:00:00,WO2409-0085,Andrea Knight,P46111-232,SNBQ562999,10752,24126,3167,True,False,IN_WARRANTY,MEDIUM,54009,2023-06-20T15:00:00
RE000086,RMV240711000086,Listen music American buy road claim society onto,AC1058-S03-C02,AC1058,2024-07-11T06:00:00,WO2407-0086,Susan Jones,P49934-100,SNPC110514,18096,15585,402,True,False,OUT_WARRANTY,HIGH,44480,2022-06-18T06:00:00
RE000087,RMV240728000087,Present many wait meeting away kitchen maintain,AC1058-S02-C04,AC1058,2024-07-28T15:00:00,WO2407-0087,Jason Park,PNR33226-278,SNVI238144,8976,14827,1838,True,False,OUT_WARRANTY,MEDIUM,21243,2023-07-20T15:00:00
RE000088,RMV240717000088,Consumer wind to meeting when,AC1059-S01-C04,AC1059,2024-07-17T09:00:00,WO2407-0088,Eric Simpson,PT95545-277,SNKB558157,15384,11094,3477,True,False,OUT_WARRANTY,HIGH,16851,2022-10-15T09:00:00
RE000089,RMV240710000089,Upon Mr down allow no amount leader,AC1060-S01-C03,AC1060,2024-07-10T18:00:00,WO2407-0089,Karen Huynh,PNR62068-673,SNCN869908,20592,16638,2537,True,True,IN_WARRANTY,HIGH,10016,2022-03-05T18:00:00
RE000090,RMV240906000090,Take share responsibility world your,AC1061-S01-C05,AC1061,2024-09-06T07:00:00,WO2409-0090,Anne Cisneros,PN96327-597,SNWE916308,18144,21003,940,True,False,OUT_WARRANTY,HIGH,82185,2022-08-12T07:00:00
RE000091,RMV240919000091,Science soon popular significant road right effect,AC1061-S03-C03,AC1061,2024-09-19T07:00:00,WO2409-0091,Tracy Flores,PN44398-177,SNXG559807,17664,9927,2846,True,False,OUT_WARRANTY,LOW,24521,2022-09-14T07:00:00
RE000092,RMV240702000092,Just station develop exactly bit,AC1061-S01-C02,AC1061,2024-07-02T07:00:00,WO2407-0092,Mia Holt,P37917-896,SNMS513839,20352,21522,1965,True,True,OUT_WARRANTY,HIGH,74486,2022-03-07T07:00:00
RE000093,RMV240801000093,Society town join sport example firm human,AC1062-S04-C03,AC1062,2024-08-01T13:00:00,WO2408-0093,Walter Miller,PN31775-196,SNKV764616,20304,14143,2457,True,True,IN_WARRANTY,MEDIUM,32940,2022-04-08T13:00:00
RE000094,RMV240921000094,Total traditional town water main it special old attack,AC1062-S01-C03,AC1062,2024-09-21T16:00:00,WO2409-0094,Kelly Bryant,PN66250-387,SNUX791154,10560,20817,1511,True,False,OUT_WARRANTY,HIGH,31684,2023-07-09T16:00:00
RE000095,RMV240705000095,Later wife home religious history lay decade local respond,AC1063-S01-C02,AC1063,2024-07-05T18:00:00,WO2407-0095,Michael Johnson,PT35767-076,SNUI486741,2568,6975,2841,True,True,IN_WARRANTY,HIGH,33081,2024-03-20T18:00:00
RE000096,RMV240707000096,Successful mind to close doctor,AC1063-S04-C03,AC1063,2024-07-07T17:00:00,WO2407-0096,Ashley Freeman,PNR59744-184,SNML737683,18096,10189,3494,False,True,OUT_WARRANTY,MEDIUM,43975,2022-06-14T17:00:00
RE000097,RMV240819000097,Current significant education drug,AC1063-S04-C02,AC1063,2024-08-19T11:00:00,WO2408-0097,Lynn Franklin,P35277-342,SNME338548,16608,17819,2909,True,False,OUT_WARRANTY,MEDIUM,26853,2022-09-27T11:00:00
RE000098,RMV240828000098,Simply model agency knowledge after song read hold,AC1063-S02-C04,AC1063,2024-08-28T15:00:00,WO2408-0098,Victor Mercer,PT16548-695,SNUJ305490,11880,1747,796,True,True,IN_WARRANTY,LOW,27429,2023-04-21T15:00:00
RE000099,RMV240827000099,Smile adult effort official even parent race nearly surface study,AC1064-S03-C02,AC1064,2024-08-27T11:00:00,WO2408-0099,Jennifer Macdonald,PN86622-652,SNPS110784,21528,22660,2950,True,False,IN_WARRANTY,HIGH,63945,2022-03-14T11:00:00
RE000100,RMV240701000100,Last law concern car leg environmental behavior every what,AC1065-S01-C02,AC1065,2024-07-01T08:00:00,WO2407-0100,Susan Chapman,PN19779-158,SNND318369,11472,12923,2735,True,True,OUT_WARRANTY,HIGH,72516,2023-03-11T08:00:00
RE000101,RMV240914000101,Anything down several loss college role woman bill center,AC1065-S01-C04,AC1065,2024-09-14T18:00:00,WO2409-0101,Cheryl Brown,PN32822-291,SNRF622945,15864,22399,1444,True,True,IN_WARRANTY,MEDIUM,53259,2022-11-23T18:00:00
RE000102,RMV240908000102,Large voice significant run control discuss will yeah particularly before,AC1066-S01-C01,AC1066,2024-09-08T13:00:00,WO2409-0102,Joshua Anderson,PN97539-479,SNVH984632,20184,2863,544,True,True,OUT_WARRANTY,HIGH,67638,2022-05-21T13:00:00
RE000103,RMV240912000103,Market consumer bank surface different,AC1067-S01-C03,AC1067,2024-09-12T17:00:00,WO2409-0103,Melanie Jennings,PNR38958-071,SNYP276770,4728,24270,2201,True,True,OUT_WARRANTY,MEDIUM,32755,2024-02-28T17:00:00
RE000104,RMV240909000104,Nation statement attack property water exactly hard level note usually,AC1068-S02-C03,AC1068,2024-09-09T16:00:00,WO2409-0104,Pam Jackson,PT95496-357,SNXV427548,10200,17463,2796,True,True,OUT_WARRANTY,MEDIUM,54490,2023-07-12T16:00:00
RE000105,RMV240903000105,Clearly especially its great east pattern,AC1068-S03-C03,AC1068,2024-09-03T17:00:00,WO2409-0105,Karen Douglas,P73539-843,SNIE126864,15240,4221,3367,True,True,OUT_WARRANTY,CRITICAL,121070,2022-12-08T17:00:00
RE000106,RMV240811000106,Congress someone bad take back worry animal knowledge large manager,AC1069-S03-C03,AC1069,2024-08-11T06:00:00,WO2408-0106,Nicholas Cline,P42393-662,SNOQ226289,3840,11235,566,True,True,IN_WARRANTY,MEDIUM,32755,2024-03-04T06:00:00
RE000107,RMV240813000107,Everybody improve run other democratic,AC1070-S03-C01,AC1070,2024-08-13T06:00:00,WO2408-0107,Tonya Kaiser,PT64209-136,SNPX317027,18912,10147,2138,True,False,OUT_WARRANTY,MEDIUM,28650,2022-06-17T06:00:00
RE000108,RMV240831000108,What everyone according everybody sing including central your he collection,AC1071-S01-C05,AC1071,2024-08-31T10:00:00,WO2408-0108,Mark Miller,PT91694-332,SNTZ732406,15816,6794,948,True,True,OUT_WARRANTY,LOW,21271,2022-11-11T10:00:00
RE000109,RMV240716000109,Lot surface our case like professional example get doctor than,AC1072-S03-C02,AC1072,2024-07-16T14:00:00,WO2407-0109,Kelly Mosley,P28746-597,SNVH772496,11232,10013,325,True,False,OUT_WARRANTY,HIGH,56659,2023-04-05T14:00:00
RE000110,RMV240906000110,Pay unit major democratic source prevent large pass rock since certain,AC1072-S01-C05,AC1072,2024-09-06T09:00:00,WO2409-0110,Teresa Gonzales,PT65148-949,SNNI057324,8544,4821,2594,True,True,OUT_WARRANTY,MEDIUM,31286,2023-09-16T09:00:00
RE000111,RMV240821000111,Almost foot ask name number right into yeah send true appear,AC1072-S02-C01,AC1072,2024-08-21T15:00:00,WO2408-0111,Jessica Evans,PT15998-734,SNIJ391801,10776,4307,2494,True,True,IN_WARRANTY,MEDIUM,30798,2023-05-30T15:00:00
RE000112,RMV240925000112,Mean computer win glass foreign Mrs,AC1073-S04-C03,AC1073,2024-09-25T13:00:00,WO2409-0112,Kimberly Taylor,PN89958-027,SNGU172376,6816,4919,3584,True,True,OUT_WARRANTY,MEDIUM,10188,2023-12-16T13:00:00
RE000113,RMV240719000113,Go capital most because myself surface firm,AC1073-S01-C04,AC1073,2024-07-19T14:00:00,WO2407-0113,Nicole Gates,PT91976-485,SNOU409465,12912,20677,1780,True,True,OUT_WARRANTY,LOW,22351,2023-01-28T14:00:00
RE000114,RMV240819000114,Herself miss look effect case put sea,AC1073-S04-C01,AC1073,2024-08-19T15:00:00,WO2408-0114,Ashley Hall,PT63642-615,SNSK309558,18288,8449,2184,True,True,IN_WARRANTY,HIGH,57489,2022-07-19T15:00:00
RE000115,RMV240824000115,Budget history quite traditional open standard however join pattern,AC1073-S02-C03,AC1073,2024-08-24T11:00:00,WO2408-0115,Michele Gibbs,P98227-333,SNNH878985,3744,16261,3069,True,True,OUT_WARRANTY,MEDIUM,33831,2024-03-21T11:00:00
RE000116,RMV240910000116,Safe crime fall free inside probably performance you argue bad,AC1074-S04-C04,AC1074,2024-09-10T08:00:00,WO2409-0116,Sheila Jackson,PNR62979-673,SNBY526900,20880,6950,3800,True,True,IN_WARRANTY,LOW,20266,2022-04-24T08:00:00
RE000117,RMV240825000117,Type visit leg pay reveal however,AC1074-S02-C05,AC1074,2024-08-25T15:00:00,WO2408-0117,Brenda Romero,PT84468-133,SNTU374278,16176,7791,2171,True,False,IN_WARRANTY,CRITICAL,124352,2022-10-21T15:00:00
RE000118,RMV240901000118,Power range people yes play,AC1074-S02-C05,AC1074,2024-09-01T09:00:00,WO2409-0118,Matthew Rogers,PT66483-658,SNZF993816,16008,18420,1022,True,False,OUT_WARRANTY,LOW,21810,2022-11-04T09:00:00
RE000119,RMV240703000119,When hot fill window within,AC1075-S01-C02,AC1075,2024-07-03T18:00:00,WO2407-0119,Rachel Bailey,P76283-538,SNPP949687,8040,11831,620,False,False,IN_WARRANTY,MEDIUM,48793,2023-08-03T18:00:00
RE000120,RMV240921000120,Economic maybe build bag put guy man,AC1076-S01-C01,AC1076,2024-09-21T06:00:00,WO2409-0120,Kyle Cook,P22688-744,SNEQ808302,3312,6757,3181,True,False,OUT_WARRANTY,LOW,3050,2024-05-06T06:00:00
RE000121,RMV240815000121,Film develop maintain order final production worker late,AC1077-S01-C03,AC1077,2024-08-15T18:00:00,WO2408-0121,Pamela Johnson,PN51463-829,SNJE930591,19152,17875,2360,True,True,OUT_WARRANTY,HIGH,82843,2022-06-09T18:00:00
RE000122,RMV240822000122,Have action dream answer would degree statement,AC1077-S02-C03,AC1077,2024-08-22T06:00:00,WO2408-0122,Jeremy Jones,PN61430-087,SNSO063546,18384,11415,1606,True,False,OUT_WARRANTY,MEDIUM,44914,2022-07-18T06:00:00
RE000123,RMV240910000123,Right paper hard husband be should score but,AC1078-S02-C01,AC1078,2024-09-10T17:00:00,WO2409-0123,Ashley Singh,P23308-981,SNST601147,8688,1023,3905,True,True,OUT_WARRANTY,HIGH,91166,2023-09-14T17:00:00
RE000124,RMV240728000124,Idea I recognize significant while against movie tax,AC1079-S01-C02,AC1079,2024-07-28T18:00:00,WO2407-0124,Noah Wise,PNR95560-943,SNTK033818,5568,12503,1431,True,True,OUT_WARRANTY,LOW,25216,2023-12-09T18:00:00
RE000125,RMV240927000125,Somebody police read particular get kind,AC1080-S01-C02,AC1080,2024-09-27T12:00:00,WO2409-0125,Jonathon Moore,PT11784-309,SNKJ871521,20616,23784,1838,True,True,IN_WARRANTY,LOW,9028,2022-05-22T12:00:00
RE000126,RMV240707000126,Expert campaign staff structure discover child happy sometimes,AC1081-S03-C02,AC1081,2024-07-07T08:00:00,WO2407-0126,Deborah Gutierrez,PT66404-519,SNTG148090,17616,10651,319,True,True,IN_WARRANTY,CRITICAL,25469,2022-07-04T08:00:00
RE000127,RMV240902000127,Blood entire myself any occur low star in man study,AC1082-S04-C04,AC1082,2024-09-02T14:00:00,WO2409-0127,Juan Walter,PN19756-629,SNHC509292,12936,17885,1310,True,False,OUT_WARRANTY,MEDIUM,44803,2023-03-13T14:00:00
RE000128,RMV240721000128,Smile left usually generation dog thank exactly,AC1082-S03-C02,AC1082,2024-07-21T11:00:00,WO2407-0128,Rhonda Flowers,PT47953-855,SNSV143500,21000,17158,1542,True,True,OUT_WARRANTY,MEDIUM,5937,2022-02-27T11:00:00
RE000129,RMV240706000129,Safe environmental bag majority pass story will,AC1082-S04-C04,AC1082,2024-07-06T13:00:00,WO2407-0129,George Jenkins,PN36297-517,SNKE443455,8976,14413,3829,False,True,IN_WARRANTY,MEDIUM,44064,2023-06-28T13:00:00
RE000130,RMV240817000130,Body both prove certainly leader change,AC1083-S01-C05,AC1083,2024-08-17T17:00:00,WO2408-0130,Taylor Day,PT68500-966,SNKU302521,11952,15340,650,False,False,OUT_WARRANTY,CRITICAL,95141,2023-04-07T17:00:00
RE000131,RMV240922000131,Eight another admit not party offer increase,AC1083-S03-C02,AC1083,2024-09-22T17:00:00,WO2409-0131,Kelli Morris,P87448-422,SNPM616788,8568,5358,486,True,True,OUT_WARRANTY,CRITICAL,28901,2023-10-01T17:00:00
RE000132,RMV240917000132,Sign firm marriage trial,AC1083-S03-C03,AC1083,2024-09-17T07:00:00,WO2409-0132,Jesse Cooper,PN87238-226,SNRL868704,6384,6258,1129,True,False,OUT_WARRANTY,MEDIUM,56997,2023-12-26T07:00:00
RE000133,RMV240804000133,Still rather travel religious argue cause generation bag day,AC1083-S02-C04,AC1083,2024-08-04T13:00:00,WO2408-0133,Melissa Chapman,P74050-969,SNEA739943,2520,4590,2442,True,True,IN_WARRANTY,LOW,6965,2024-04-21T13:00:00
RE000134,RMV240906000134,Leave political six kind necessary community car wrong,AC1083-S02-C03,AC1083,2024-09-06T17:00:00,WO2409-0134,Clinton Hamilton,PT53488-955,SNFU713695,15312,22634,2175,True,True,OUT_WARRANTY,LOW,11806,2022-12-08T17:00:00
RE000135,RMV240818000135,Cultural receive computer economy rest,AC1083-S01-C04,AC1083,2024-08-18T16:00:00,WO2408-0135,Adam Woodard,PN55018-693,SNWL623879,17448,20483,2061,False,True,OUT_WARRANTY,MEDIUM,42050,2022-08-22T16:00:00
RE000136,RMV240708000136,Place career force fill discussion fear avoid three study,AC1084-S01-C04,AC1084,2024-07-08T14:00:00,WO2407-0136,Ann Mckenzie,P74936-804,SNTV410811,5136,24381,451,True,False,OUT_WARRANTY,LOW,28229,2023-12-07T14:00:00
RE000137,RMV240831000137,Particularly space order song very lose hospital forget,AC1085-S04-C04,AC1085,2024-08-31T14:00:00,WO2408-0137,Vanessa Hart,PNR88283-858,SNXU268292,9960,6823,2453,True,True,OUT_WARRANTY,MEDIUM,51783,2023-07-13T14:00:00
RE000138,RMV240705000138,Something cold hotel similar,AC1086-S02-C04,AC1086,2024-07-05T13:00:00,WO2407-0138,Ashley Barrera,P52590-081,SNIE638315,18024,3758,1916,True,True,OUT_WARRANTY,CRITICAL,129837,2022-06-15T13:00:00
RE000139,RMV240915000139,Environmental government sit behind commercial meeting population create behavior,AC1086-S03-C01,AC1086,2024-09-15T06:00:00,WO2409-0139,Howard Ibarra,PT96977-502,SNYY188834,13704,13095,1980,True,True,OUT_WARRANTY,MEDIUM,18293,2023-02-22T06:00:00
RE000140,RMV240805000140,South agree ever draw claim right better high open me discuss,AC1086-S01-C04,AC1086,2024-08-05T16:00:00,WO2408-0140,Desiree Ross,PNR80038-653,SNTT699339,4320,2285,307,True,True,IN_WARRANTY,MEDIUM,42464,2024-02-07T16:00:00
RE000141,RMV240831000141,Country what sign idea successful,AC1086-S02-C03,AC1086,2024-08-31T17:00:00,WO2408-0141,Martin Osborn,PT55605-374,SNPT218709,20760,14556,3893,True,True,OUT_WARRANTY,MEDIUM,3780,2022-04-19T17:00:00
RE000142,RMV240723000142,Myself black movie political take interest,AC1087-S02-C03,AC1087,2024-07-23T16:00:00,WO2407-0142,Justin Torres,PN57204-051,SNTS800347,6024,19768,3991,False,True,OUT_WARRANTY,LOW,12751,2023-11-15T16:00:00
RE000143,RMV240728000143,Ability buy young technology value sound whatever radio,AC1088-S01-C01,AC1088,2024-07-28T18:00:00,WO2407-0143,Andrew Moore,PN63582-964,SNNO728154,14952,6992,3385,True,True,IN_WARRANTY,MEDIUM,10846,2022-11-13T18:00:00
RE000144,RMV240924000144,Almost meeting crime show which whose,AC1089-S03-C02,AC1089,2024-09-24T08:00:00,WO2409-0144,Mark Gomez PhD,PN91705-239,SNNA345060,9768,12816,3727,True,False,OUT_WARRANTY,HIGH,72432,2023-08-14T08:00:00
RE000145,RMV240905000145,Language life side although choose road,AC1090-S04-C03,AC1090,2024-09-05T13:00:00,WO2409-0145,Andrea Haney,PT45660-842,SNKP639291,15528,3510,3270,True,True,OUT_WARRANTY,MEDIUM,3171,2022-11-28T13:00:00
RE000146,RMV240919000146,Ground lawyer total pressure better bag move life decide different great,AC1090-S02-C03,AC1090,2024-09-19T16:00:00,WO2409-0146,Karen Robinson,PNR21169-814,SNSL576452,18624,20065,490,True,False,OUT_WARRANTY,MEDIUM,27852,2022-08-05T16:00:00
RE000147,RMV240925000147,Son newspaper walk travel off recognize plant,AC1091-S02-C04,AC1091,2024-09-25T15:00:00,WO2409-0147,Sergio Smith,PNR15958-965,SNMS107819,12672,16379,3900,False,False,OUT_WARRANTY,MEDIUM,33560,2023-04-16T15:00:00
RE000148,RMV240927000148,After kitchen I analysis,AC1092-S02-C03,AC1092,2024-09-27T16:00:00,WO2409-0148,David Rivera,PT78734-168,SNID798320,11040,5214,1667,True,True,OUT_WARRANTY,HIGH,20192,2023-06-25T16:00:00
RE000149,RMV240831000149,None point voice drop dark quickly section less order,AC1092-S03-C03,AC1092,2024-08-31T07:00:00,WO2408-0149,David Robertson,P44713-300,SNKU874070,20256,14810,1318,True,True,IN_WARRANTY,MEDIUM,17011,2022-05-10T07:00:00
RE000150,RMV240730000150,Federal training night already student from fund attorney organization east,AC1093-S02-C05,AC1093,2024-07-30T16:00:00,WO2407-0150,Nancy Boyd,PT12964-315,SNQK816739,20376,20453,950,False,True,OUT_WARRANTY,LOW,17716,2022-04-03T16:00:00
RE000151,RMV240722000151,Seat another energy forward large look particular reduce sure Democrat,AC1093-S04-C01,AC1093,2024-07-22T07:00:00,WO2407-0151,Lisa Mejia,P40077-336,SNOC022475,11544,23385,1305,True,False,OUT_WARRANTY,MEDIUM,29292,2023-03-29T07:00:00
RE000152,RMV240808000152,Final part let model across,AC1093-S02-C04,AC1093,2024-08-08T12:00:00,WO2408-0152,Amy Nicholson,P93847-909,SNBT369260,8616,21202,695,True,True,OUT_WARRANTY,HIGH,55355,2023-08-15T12:00:00
RE000153,RMV240911000153,Executive old society fact two article thought improve,AC1093-S03-C01,AC1093,2024-09-11T07:00:00,WO2409-0153,Rick Payne,PNR67282-315,SNYQ805698,8616,8119,1220,True,True,OUT_WARRANTY,LOW,21812,2023-09-18T07:00:00
RE000154,RMV240911000154,Outside sell how check act cultural occur teach lose film,AC1094-S01-C05,AC1094,2024-09-11T18:00:00,WO2409-0154,Richard Goodman,PN43995-620,SNAZ856284,9480,16411,651,True,False,OUT_WARRANTY,CRITICAL,15448,2023-08-13T18:00:00
RE000155,RMV240831000155,Power method relationship across age hit start bed,AC1094-S01-C04,AC1094,2024-08-31T09:00:00,WO2408-0155,Robert Parker,PT43977-368,SNGL667298,20400,13441,1204,True,True,OUT_WARRANTY,CRITICAL,70147,2022-05-04T09:00:00
RE000156,RMV240906000156,No yeah scene woman available environment can,AC1095-S01-C02,AC1095,2024-09-06T07:00:00,WO2409-0156,Rachel Doyle,PNR51695-464,SNHC591003,19440,16611,2896,True,True,IN_WARRANTY,LOW,9370,2022-06-19T07:00:00
RE000157,RMV240815000157,Professor somebody development within several since daughter born,AC1095-S01-C04,AC1095,2024-08-15T11:00:00,WO2408-0157,Christopher Anderson,P76655-766,SNKN524932,16008,2368,1964,True,True,OUT_WARRANTY,CRITICAL,75779,2022-10-18T11:00:00
RE000158,RMV240703000158,Congress thus once child line despite star job treat,AC1096-S03-C02,AC1096,2024-07-03T11:00:00,WO2407-0158,John Baker,PN32098-176,SNXH017825,13008,11900,3896,True,True,OUT_WARRANTY,HIGH,23820,2023-01-08T11:00:00
RE000159,RMV240823000159,Tend war green stay simple bill say oil,AC1097-S04-C01,AC1097,2024-08-23T08:00:00,WO2408-0159,Deanna Stewart,PNR46159-838,SNLV752332,21312,5558,1669,True,True,OUT_WARRANTY,LOW,9027,2022-03-19T08:00:00
RE000160,RMV240812000160,Often water thus including season rule provide,AC1098-S04-C04,AC1098,2024-08-12T06:00:00,WO2408-0160,Mrs. Sherri Armstrong,P98912-800,SNPW814271,17952,3122,3996,True,True,IN_WARRANTY,CRITICAL,102306,2022-07-26T06:00:00
RE000161,RMV240710000161,Behavior across case fill wind box,AC1098-S01-C04,AC1098,2024-07-10T15:00:00,WO2407-0161,Donna Smith,PT90090-120,SNZU715766,10464,4147,436,True,True,OUT_WARRANTY,LOW,29300,2023-05-01T15:00:00
RE000162,RMV240906000162,Network by pretty image friend structure exactly early growth real,AC1098-S01-C04,AC1098,2024-09-06T07:00:00,WO2409-0162,Michelle Dawson,PN30126-134,SNXR106798,5784,2118,2693,True,False,IN_WARRANTY,HIGH,82040,2024-01-09T07:00:00
RE000163,RMV240806000163,Drug trade explain sing here I build travel identify list,AC1099-S02-C05,AC1099,2024-08-06T17:00:00,WO2408-0163,Linda Moon,PT57219-897,SNSP016886,21192,11811,1413,True,True,OUT_WARRANTY,MEDIUM,49272,2022-03-07T17:00:00
RE000164,RMV240818000164,Out assume budget series tell forward,AC1099-S03-C02,AC1099,2024-08-18T13:00:00,WO2408-0164,William Navarro,P71743-456,SNCA097599,11544,12317,1039,True,True,OUT_WARRANTY,HIGH,60774,2023-04-25T13:00:00
RE000165,RMV240708000165,Myself meet consumer decade tax investment training,AC1100-S04-C02,AC1100,2024-07-08T15:00:00,WO2407-0165,Kevin Robles,PN14122-347,SNCP956461,9480,19145,940,True,True,OUT_WARRANTY,MEDIUM,29669,2023-06-09T15:00:00
